{"version": 1, "reader_version": 1, "large_format": false, "spatial_calibrations": [{"offset": 0.0, "scale": 1.0, "units": "{'All parameters': {'microscope': 'MACSTEM', 'GPU': 1, 'ensemblefile': 'C:/Users/ASUser/AppData/Roaming/Nion/Nion Swift/PlugIns/ELIT_active/Models/mos2_4x_ensemble_metadict.tar', 'threshold': 0.035, 'winsizefraction': 0.33, 'num_iterations': 10, 'sample': 'mos2', 'targets': 'S2', 'drift_correct': 1, 'dwell_blast': 1.0, 'image_parameters': [8.0, 512, 5.0, 0.12, 1.0, 0], 'TIMEOUT': 5, 'px2ang': 0.12, 'rings': [5, 6, 7], 'blast_location': 'centroid', 'offset_blast_x': 0.0, 'offset_blast_y': 0.0, 'Percent_to_blast': 1.0, 'safepos': [1.0, 1.0], 'blanked': 1, 'radius_atom': 0.005, 'radius_def1': 0.01, 'radius_def2': 0.02, 'defectcolors': [[1, 1, 0], [0, 0, 1], [0, 1, 0]], 'status': 'active', 'scantype': 'Subscan cnst', 'maskfile': 'C:/Users/ASUser/AppData/Roaming/Nion/Nion Swift/PlugIns/ELIT_active/Masks/Mask_SVL LIVE letter O.npy', 'subscan_dwellthresh': 2.0, 'subscan_size': 5, 'subscan_time': 0.2, 'subscan_maxtime': 1.0, 'subscan_delta': 0.03, 'MODE': 'BLAST', 'sort method': 'Spiral in-out', 'max_blasting_time': 55.0, 'beamshift_angle': -3.0845118711835284, 'beamshift_factor': 2.9209492755718633, 'goal': 'Grow SVL', 'stop_at': -1.0, 'threshold2': 22.0, 'driftNframes': 5, 'driftFOV': 20.0, 'scan_rot': 3.141592653589793, 'voltage_kv': 60000.0, 'LiveMaskHeight_nm': 0.23, 'SVLatoms': 3, 'saveGMM': 0}, 'All coordinates': {0: array([[ 12.7027027 ,  20.75675676,   0.        ],\n       [ 12.82142857,  44.60714286,   0.        ],\n       [ 13.66666667,  68.5       ,   0.        ],\n       ...,\n       [659.42857143, 315.28571429,   0.        ],\n       [659.8       , 341.5       ,   0.        ],\n       [660.8       , 368.8       ,   0.        ]])}, 'Blast coordinates': {'S2': array([[263.9       , 427.05      ,   1.        ],\n       [286.        , 442.        ,   1.        ],\n       [242.46153846, 411.84615385,   1.        ],\n       [348.57142857, 457.77142857,   1.        ],\n       [303.125     , 205.125     ,   1.        ],\n       [306.65384615, 456.34615385,   1.        ],\n       [326.78571429, 468.5       ,   1.        ],\n       [196.28571429, 386.5       ,   1.        ],\n       [175.09090909, 371.90909091,   1.        ],\n       [507.        , 376.        ,   1.        ],\n       [155.        , 360.28571429,   1.        ],\n       [137.90909091, 321.09090909,   1.        ],\n       [138.55555556, 296.11111111,   1.        ],\n       [134.95833333, 345.29166667,   1.        ],\n       [117.57692308, 309.15384615,   1.        ],\n       [114.75      , 332.75      ,   1.        ],\n       [553.875     , 353.375     ,   1.        ],\n       [111.41935484, 356.5483871 ,   1.        ],\n       [ 95.84210526, 320.84210526,   1.        ],\n       [575.90322581, 340.32258065,   1.        ],\n       [ 89.41176471, 342.88235294,   1.        ]])}}"}, {"offset": 0.0, "scale": 1.0, "units": ""}], "intensity_calibration": {"offset": 0.0, "scale": 1.0, "units": ""}, "collection_dimension_count": 0, "datum_dimension_count": 2, "metadata": {}, "properties": {}, "title": "labels_all_004", "source_file_path": null, "datetime_modified": {"local_datetime": "2022-05-11T21:25:59.189148", "tz": "-0400", "dst": "+60", "timezone": "America/New_York"}, "datetime_original": {"local_datetime": "2022-05-11T21:25:59.189148", "tz": "-0400", "dst": "+60", "timezone": "America/New_York"}, "uuid": "239ae133-c2ed-493a-af4a-f0755a8e068a"}