{"version": 1, "reader_version": 1, "large_format": false, "spatial_calibrations": [{"offset": 0.0, "scale": 1.0, "units": "{'All parameters': {'microscope': 'MACSTEM', 'GPU': 1, 'ensemblefile': 'C:/Users/ASUser/AppData/Roaming/Nion/Nion Swift/PlugIns/ELIT_active/Models/mos2_4x_ensemble_metadict.tar', 'threshold': 0.035, 'winsizefraction': 0.33, 'num_iterations': 10, 'sample': 'mos2', 'targets': 'S2', 'drift_correct': 1, 'dwell_blast': 1.0, 'image_parameters': [8.0, 512, 5.0, 0.12, 1.0, 0], 'TIMEOUT': 5, 'px2ang': 0.12, 'rings': [5, 6, 7], 'blast_location': 'centroid', 'offset_blast_x': 0.0, 'offset_blast_y': 0.0, 'Percent_to_blast': 1.0, 'safepos': [1.0, 1.0], 'blanked': 1, 'radius_atom': 0.005, 'radius_def1': 0.01, 'radius_def2': 0.02, 'defectcolors': [[1, 1, 0], [0, 0, 1], [0, 1, 0]], 'status': 'active', 'scantype': 'Subscan cnst', 'maskfile': 'C:/Users/ASUser/AppData/Roaming/Nion/Nion Swift/PlugIns/ELIT_active/Masks/Mask_SVL LIVE letter O.npy', 'subscan_dwellthresh': 2.0, 'subscan_size': 5, 'subscan_time': 0.2, 'subscan_maxtime': 1.0, 'subscan_delta': 0.03, 'MODE': 'BLAST', 'sort method': 'Spiral in-out', 'max_blasting_time': 55.0, 'beamshift_angle': -3.0845118711835284, 'beamshift_factor': 2.9209492755718633, 'goal': 'Grow SVL', 'stop_at': -1.0, 'threshold2': 22.0, 'driftNframes': 5, 'driftFOV': 20.0, 'scan_rot': 3.141592653589793, 'voltage_kv': 60000.0, 'LiveMaskHeight_nm': 0.23, 'SVLatoms': 3, 'saveGMM': 0}, 'All coordinates': {0: array([[  5.51428571, 272.4       ,   0.        ],\n       [  5.64705882, 324.5       ,   0.        ],\n       [  6.21621622, 350.54054054,   0.        ],\n       ...,\n       [662.6       , 396.4       ,   0.        ],\n       [662.63636364, 472.09090909,   0.        ],\n       [662.        , 422.        ,   0.        ]])}, 'Blast coordinates': {'S2': array([[ 94.63333333, 325.63333333,   1.        ],\n       [116.5       , 313.78571429,   1.        ],\n       [116.53125   , 338.8125    ,   1.        ],\n       [139.28947368, 301.18421053,   1.        ],\n       [139.90322581, 351.83870968,   1.        ],\n       [162.6969697 , 365.90909091,   1.        ],\n       [163.55172414, 288.31034483,   1.        ],\n       [183.89655172, 276.68965517,   1.        ],\n       [185.625     , 378.83333333,   1.        ],\n       [206.08333333, 265.02777778,   1.        ],\n       [207.5       , 392.21428571,   1.        ],\n       [227.4137931 , 253.72413793,   1.        ],\n       [227.92592593, 405.59259259,   1.        ],\n       [248.96875   , 241.65625   ,   1.        ],\n       [249.36666667, 419.36666667,   1.        ],\n       [271.02941176, 229.08823529,   1.        ],\n       [271.        , 433.5       ,   1.        ],\n       [293.94285714, 446.34285714,   1.        ],\n       [294.57575758, 216.42424242,   1.        ],\n       [316.63333333, 203.63333333,   1.        ],\n       [318.64516129, 458.74193548,   1.        ],\n       [338.5       , 192.21428571,   1.        ],\n       [340.63333333, 472.63333333,   1.        ],\n       [362.67647059, 204.41176471,   1.        ],\n       [362.42424242, 460.57575758,   1.        ],\n       [384.5       , 447.29411765,   1.        ],\n       [385.04      , 217.6       ,   1.        ],\n       [405.39285714, 231.85714286,   1.        ],\n       [405.58064516, 435.5483871 ,   1.        ],\n       [427.41935484, 245.4516129 ,   1.        ],\n       [427.48275862, 424.10344828,   1.        ],\n       [448.90322581, 259.32258065,   1.        ],\n       [449.63333333, 412.63333333,   1.        ],\n       [470.52941176, 273.14705882,   1.        ],\n       [471.16129032, 401.03225806,   1.        ],\n       [493.        , 286.5       ,   1.        ],\n       [493.5       , 388.21428571,   1.        ],\n       [514.32142857, 300.32142857,   1.        ],\n       [514.375     , 351.84375   ,   1.        ],\n       [514.72413793, 377.5862069 ,   1.        ],\n       [533.96153846, 366.69230769,   1.        ],\n       [535.125     , 339.66666667,   1.        ],\n       [535.91666667, 313.91666667,   1.        ],\n       [554.63333333, 355.63333333,   1.        ],\n       [555.59259259, 329.25925926,   1.        ],\n       [575.2       , 344.76      ,   1.        ]])}}"}, {"offset": 0.0, "scale": 1.0, "units": ""}], "intensity_calibration": {"offset": 0.0, "scale": 1.0, "units": ""}, "collection_dimension_count": 0, "datum_dimension_count": 2, "metadata": {}, "properties": {}, "title": "labels_all_000", "source_file_path": null, "datetime_modified": {"local_datetime": "2022-05-11T21:23:42.099103", "tz": "-0400", "dst": "+60", "timezone": "America/New_York"}, "datetime_original": {"local_datetime": "2022-05-11T21:23:42.099103", "tz": "-0400", "dst": "+60", "timezone": "America/New_York"}, "uuid": "946dcce2-412e-4627-a1ec-a8fe8a068c35"}