{"version": 1, "reader_version": 1, "large_format": false, "spatial_calibrations": [{"offset": 0.0, "scale": 1.0, "units": "{'All parameters': {'microscope': 'MACSTEM', 'GPU': 1, 'ensemblefile': 'C:/Users/ASUser/AppData/Roaming/Nion/Nion Swift/PlugIns/ELIT_active/Models/mos2_4x_ensemble_metadict.tar', 'threshold': 0.035, 'winsizefraction': 0.33, 'num_iterations': 10, 'sample': 'mos2', 'targets': 'S2', 'drift_correct': 1, 'dwell_blast': 1.0, 'image_parameters': [8.0, 512, 5.0, 0.12, 1.0, 0], 'TIMEOUT': 5, 'px2ang': 0.12, 'rings': [5, 6, 7], 'blast_location': 'centroid', 'offset_blast_x': 0.0, 'offset_blast_y': 0.0, 'Percent_to_blast': 1.0, 'safepos': [1.0, 1.0], 'blanked': 1, 'radius_atom': 0.005, 'radius_def1': 0.01, 'radius_def2': 0.02, 'defectcolors': [[1, 1, 0], [0, 0, 1], [0, 1, 0]], 'status': 'active', 'scantype': 'Subscan cnst', 'maskfile': 'C:/Users/ASUser/AppData/Roaming/Nion/Nion Swift/PlugIns/ELIT_active/Masks/Mask_SVL LIVE letter O.npy', 'subscan_dwellthresh': 2.0, 'subscan_size': 5, 'subscan_time': 0.2, 'subscan_maxtime': 1.0, 'subscan_delta': 0.03, 'MODE': 'BLAST', 'sort method': 'Spiral in-out', 'max_blasting_time': 55.0, 'beamshift_angle': -3.0845118711835284, 'beamshift_factor': 2.9209492755718633, 'goal': 'Grow SVL', 'stop_at': -1.0, 'threshold2': 22.0, 'driftNframes': 5, 'driftFOV': 20.0, 'scan_rot': 3.141592653589793, 'voltage_kv': 60000.0, 'LiveMaskHeight_nm': 0.23, 'SVLatoms': 3, 'saveGMM': 0}, 'All coordinates': {0: array([[ 11.88571429,  19.74285714,   0.        ],\n       [ 10.92592593,  44.59259259,   0.        ],\n       [ 11.07407407,  67.59259259,   0.        ],\n       ...,\n       [658.2       , 368.6       ,   0.        ],\n       [659.        , 446.13636364,   0.        ],\n       [659.        , 470.5       ,   0.        ]])}, 'Blast coordinates': {'S2': array([[580.25925926, 313.59259259,   1.        ],\n       [579.16666667, 340.125     ,   1.        ],\n       [558.75      , 325.75      ,   1.        ],\n       [558.08695652, 298.7826087 ,   1.        ],\n       [556.66666667, 351.875     ,   1.        ],\n       [537.83333333, 285.16666667,   1.        ],\n       [510.13793103, 372.10344828,   1.        ],\n       [353.05      , 457.1       ,   1.        ],\n       [346.93333333, 177.73333333,   1.        ],\n       [329.5       , 446.        ,   1.        ],\n       [303.        , 436.83333333,   1.        ],\n       [281.9       , 425.95      ,   1.        ],\n       [254.98214286, 417.26785714,   1.        ],\n       [235.5       , 398.5       ,   1.        ],\n       [171.83333333, 356.16666667,   1.        ],\n       [151.125     , 308.125     ,   1.        ],\n       [115.29166667, 307.        ,   1.        ]])}}"}, {"offset": 0.0, "scale": 1.0, "units": ""}], "intensity_calibration": {"offset": 0.0, "scale": 1.0, "units": ""}, "collection_dimension_count": 0, "datum_dimension_count": 2, "metadata": {}, "properties": {}, "title": "labels_all_005", "source_file_path": null, "datetime_modified": {"local_datetime": "2022-05-11T21:26:24.680977", "tz": "-0400", "dst": "+60", "timezone": "America/New_York"}, "datetime_original": {"local_datetime": "2022-05-11T21:26:24.680977", "tz": "-0400", "dst": "+60", "timezone": "America/New_York"}, "uuid": "cd36d42b-eb9f-4431-94f7-a5b6c0420634"}