{"version": 1, "reader_version": 1, "large_format": false, "spatial_calibrations": [{"offset": 0.0, "scale": 1.0, "units": "{'All parameters': {'microscope': 'MACSTEM', 'GPU': 1, 'ensemblefile': 'C:/Users/ASUser/AppData/Roaming/Nion/Nion Swift/PlugIns/ELIT_active/Models/mos2_4x_ensemble_metadict.tar', 'threshold': 0.035, 'winsizefraction': 0.33, 'num_iterations': 10, 'sample': 'mos2', 'targets': 'S2', 'drift_correct': 1, 'dwell_blast': 1.0, 'image_parameters': [8.0, 512, 5.0, 0.12, 1.0, 0], 'TIMEOUT': 5, 'px2ang': 0.12, 'rings': [5, 6, 7], 'blast_location': 'centroid', 'offset_blast_x': 0.0, 'offset_blast_y': 0.0, 'Percent_to_blast': 1.0, 'safepos': [1.0, 1.0], 'blanked': 1, 'radius_atom': 0.005, 'radius_def1': 0.01, 'radius_def2': 0.02, 'defectcolors': [[1, 1, 0], [0, 0, 1], [0, 1, 0]], 'status': 'active', 'scantype': 'Subscan cnst', 'maskfile': 'C:/Users/ASUser/AppData/Roaming/Nion/Nion Swift/PlugIns/ELIT_active/Masks/Mask_SVL LIVE letter O.npy', 'subscan_dwellthresh': 2.0, 'subscan_size': 5, 'subscan_time': 0.2, 'subscan_maxtime': 1.0, 'subscan_delta': 0.03, 'MODE': 'BLAST', 'sort method': 'Spiral in-out', 'max_blasting_time': 55.0, 'beamshift_angle': -3.0845118711835284, 'beamshift_factor': 2.9209492755718633, 'goal': 'Grow SVL', 'stop_at': -1.0, 'threshold2': 22.0, 'driftNframes': 5, 'driftFOV': 20.0, 'scan_rot': 3.141592653589793, 'voltage_kv': 60000.0, 'LiveMaskHeight_nm': 0.23, 'SVLatoms': 3, 'saveGMM': 0}, 'All coordinates': {0: array([[  5.06451613, 251.70967742,   0.        ],\n       [  6.        ,  20.82857143,   0.        ],\n       [  5.74418605,  44.46511628,   0.        ],\n       ...,\n       [659.8125    , 401.6875    ,   0.        ],\n       [659.52380952, 425.85714286,   0.        ],\n       [659.5       , 452.        ,   0.        ]])}, 'Blast coordinates': {'S2': array([[558.41666667, 332.75      ,   1.        ],\n       [549.        , 308.5       ,   1.        ],\n       [541.26315789, 350.68421053,   1.        ],\n       [529.125     , 295.875     ,   1.        ],\n       [528.84210526, 318.84210526,   1.        ],\n       [521.15789474, 360.84210526,   1.        ],\n       [506.86666667, 307.2       ,   1.        ],\n       [499.5       , 371.5       ,   1.        ],\n       [481.61538462, 291.61538462,   1.        ],\n       [478.2173913 , 383.91304348,   1.        ],\n       [460.75      , 278.33333333,   1.        ],\n       [406.41176471, 419.11764706,   1.        ],\n       [384.5       , 431.5       ,   1.        ],\n       [341.61538462, 457.61538462,   1.        ],\n       [321.40740741, 468.96296296,   1.        ],\n       [319.82142857, 443.60714286,   1.        ],\n       [316.72413793, 194.65517241,   1.        ],\n       [296.77142857, 456.42857143,   1.        ],\n       [296.65384615, 430.34615385,   1.        ],\n       [293.5483871 , 208.70967742,   1.        ],\n       [273.5       , 419.5       ,   1.        ],\n       [272.27586207, 443.5862069 ,   1.        ],\n       [270.        , 223.875     ,   1.        ],\n       [247.36666667, 239.36666667,   1.        ],\n       [234.24      , 399.68      ,   1.        ],\n       [224.42857143, 254.97142857,   1.        ],\n       [209.09090909, 386.90909091,   1.        ],\n       [204.        , 267.2       ,   1.        ],\n       [186.41935484, 371.4516129 ,   1.        ],\n       [184.5483871 , 397.41935484,   1.        ],\n       [163.79310345, 383.03448276,   1.        ],\n       [163.        , 304.5       ,   1.        ],\n       [141.22580645, 369.32258065,   1.        ],\n       [141.72413793, 316.5862069 ,   1.        ],\n       [141.63333333, 292.63333333,   1.        ],\n       [119.42857143, 355.77142857,   1.        ],\n       [119.5       , 330.21428571,   1.        ],\n       [119.5       , 304.5       ,   1.        ],\n       [ 98.36666667, 342.36666667,   1.        ],\n       [ 97.36666667, 316.63333333,   1.        ]])}}"}, {"offset": 0.0, "scale": 1.0, "units": ""}], "intensity_calibration": {"offset": 0.0, "scale": 1.0, "units": ""}, "collection_dimension_count": 0, "datum_dimension_count": 2, "metadata": {}, "properties": {}, "title": "labels_all_002", "source_file_path": null, "datetime_modified": {"local_datetime": "2022-05-11T21:25:00.814978", "tz": "-0400", "dst": "+60", "timezone": "America/New_York"}, "datetime_original": {"local_datetime": "2022-05-11T21:25:00.814978", "tz": "-0400", "dst": "+60", "timezone": "America/New_York"}, "uuid": "e4c6e638-3a5a-414f-aad3-d390ff7eb5da"}