{"version": 1, "reader_version": 1, "large_format": false, "spatial_calibrations": [{"offset": 0.0, "scale": 1.0, "units": "{'All parameters': {'microscope': 'MACSTEM', 'GPU': 1, 'ensemblefile': 'C:/Users/ASUser/AppData/Roaming/Nion/Nion Swift/PlugIns/ELIT_active/Models/mos2_4x_ensemble_metadict.tar', 'threshold': 0.035, 'winsizefraction': 0.33, 'num_iterations': 10, 'sample': 'mos2', 'targets': 'S2', 'drift_correct': 1, 'dwell_blast': 1.0, 'image_parameters': [8.0, 512, 5.0, 0.12, 1.0, 0], 'TIMEOUT': 5, 'px2ang': 0.12, 'rings': [5, 6, 7], 'blast_location': 'centroid', 'offset_blast_x': 0.0, 'offset_blast_y': 0.0, 'Percent_to_blast': 1.0, 'safepos': [1.0, 1.0], 'blanked': 1, 'radius_atom': 0.005, 'radius_def1': 0.01, 'radius_def2': 0.02, 'defectcolors': [[1, 1, 0], [0, 0, 1], [0, 1, 0]], 'status': 'active', 'scantype': 'Subscan cnst', 'maskfile': 'C:/Users/ASUser/AppData/Roaming/Nion/Nion Swift/PlugIns/ELIT_active/Masks/Mask_SVL LIVE letter O.npy', 'subscan_dwellthresh': 2.0, 'subscan_size': 5, 'subscan_time': 0.2, 'subscan_maxtime': 1.0, 'subscan_delta': 0.03, 'MODE': 'BLAST', 'sort method': 'Spiral in-out', 'max_blasting_time': 55.0, 'beamshift_angle': -3.0845118711835284, 'beamshift_factor': 2.9209492755718633, 'goal': 'Grow SVL', 'stop_at': -1.0, 'threshold2': 22.0, 'driftNframes': 5, 'driftFOV': 20.0, 'scan_rot': 3.141592653589793, 'voltage_kv': 60000.0, 'LiveMaskHeight_nm': 0.23, 'SVLatoms': 3, 'saveGMM': 0}, 'All coordinates': {0: array([[  8.125     ,  26.33333333,   0.        ],\n       [  8.7027027 ,  49.13513514,   0.        ],\n       [  9.05555556,  72.86111111,   0.        ],\n       ...,\n       [655.25      , 604.58333333,   0.        ],\n       [659.11764706, 396.41176471,   0.        ],\n       [657.5       , 524.5       ,   0.        ]])}, 'Blast coordinates': {'S2': array([[ 88.875     , 324.33333333,   1.        ],\n       [108.96      , 337.4       ,   1.        ],\n       [109.41176471, 312.11764706,   1.        ],\n       [128.78125   , 351.0625    ,   1.        ],\n       [130.        , 303.        ,   1.        ],\n       [147.        , 291.5       ,   1.        ],\n       [148.47058824, 315.88235294,   1.        ],\n       [150.72413793, 365.4137931 ,   1.        ],\n       [171.15384615, 379.46153846,   1.        ],\n       [191.29166667, 394.        ,   1.        ],\n       [212.16666667, 407.875     ,   1.        ],\n       [232.67857143, 421.67857143,   1.        ],\n       [274.72413793, 424.4137931 ,   1.        ],\n       [296.13333333, 436.46666667,   1.        ],\n       [319.11428571, 449.11428571,   1.        ],\n       [340.24      , 188.64      ,   1.        ],\n       [340.96875   , 462.59375   ,   1.        ],\n       [363.17857143, 450.39285714,   1.        ],\n       [385.92592593, 437.59259259,   1.        ],\n       [431.95652174, 411.39130435,   1.        ],\n       [459.5       , 254.5       ,   1.        ],\n       [530.33333333, 313.88888889,   1.        ],\n       [554.11111111, 351.66666667,   1.        ],\n       [555.5       , 329.        ,   1.        ],\n       [577.92857143, 341.35714286,   1.        ]])}}"}, {"offset": 0.0, "scale": 1.0, "units": ""}], "intensity_calibration": {"offset": 0.0, "scale": 1.0, "units": ""}, "collection_dimension_count": 0, "datum_dimension_count": 2, "metadata": {}, "properties": {}, "title": "labels_all_003", "source_file_path": null, "datetime_modified": {"local_datetime": "2022-05-11T21:25:35.021631", "tz": "-0400", "dst": "+60", "timezone": "America/New_York"}, "datetime_original": {"local_datetime": "2022-05-11T21:25:35.021631", "tz": "-0400", "dst": "+60", "timezone": "America/New_York"}, "uuid": "2766ab8a-b158-4bc7-87a5-cfe450a3fcf8"}