{"version": 1, "reader_version": 1, "large_format": false, "spatial_calibrations": [{"offset": 0.0, "scale": 1.0, "units": "{'All parameters': {'microscope': 'MACSTEM', 'GPU': 1, 'ensemblefile': 'C:/Users/ASUser/AppData/Roaming/Nion/Nion Swift/PlugIns/ELIT_active/Models/mos2_4x_ensemble_metadict.tar', 'threshold': 0.035, 'winsizefraction': 0.33, 'num_iterations': 10, 'sample': 'mos2', 'targets': 'S2', 'drift_correct': 1, 'dwell_blast': 1.0, 'image_parameters': [8.0, 512, 5.0, 0.12, 1.0, 0], 'TIMEOUT': 5, 'px2ang': 0.12, 'rings': [5, 6, 7], 'blast_location': 'centroid', 'offset_blast_x': 0.0, 'offset_blast_y': 0.0, 'Percent_to_blast': 1.0, 'safepos': [1.0, 1.0], 'blanked': 1, 'radius_atom': 0.005, 'radius_def1': 0.01, 'radius_def2': 0.02, 'defectcolors': [[1, 1, 0], [0, 0, 1], [0, 1, 0]], 'status': 'active', 'scantype': 'Subscan cnst', 'maskfile': 'C:/Users/ASUser/AppData/Roaming/Nion/Nion Swift/PlugIns/ELIT_active/Masks/Mask_SVL LIVE letter O.npy', 'subscan_dwellthresh': 2.0, 'subscan_size': 5, 'subscan_time': 0.2, 'subscan_maxtime': 1.0, 'subscan_delta': 0.03, 'MODE': 'BLAST', 'sort method': 'Spiral in-out', 'max_blasting_time': 55.0, 'beamshift_angle': -3.0845118711835284, 'beamshift_factor': 2.9209492755718633, 'goal': 'Grow SVL', 'stop_at': -1.0, 'threshold2': 22.0, 'driftNframes': 5, 'driftFOV': 20.0, 'scan_rot': 3.141592653589793, 'voltage_kv': 60000.0, 'LiveMaskHeight_nm': 0.23, 'SVLatoms': 3, 'saveGMM': 0}, 'All coordinates': {0: array([[  5.5       , 121.5       ,   0.        ],\n       [  6.        , 146.73529412,   0.        ],\n       [  6.12195122, 220.97560976,   0.        ],\n       ...,\n       [656.83333333, 275.16666667,   0.        ],\n       [657.36363636, 448.36363636,   0.        ],\n       [660.5       , 172.        ,   0.        ]])}, 'Blast coordinates': {'S2': array([[378.58064516, 429.06451613,   1.        ],\n       [401.36666667, 416.36666667,   1.        ],\n       [399.32142857, 234.35714286,   1.        ],\n       [271.5       , 429.        ,   1.        ],\n       [293.        , 441.        ,   1.        ],\n       [378.8       , 220.16666667,   1.        ],\n       [420.74074074, 248.55555556,   1.        ],\n       [269.6969697 , 228.90909091,   1.        ],\n       [250.39285714, 417.14285714,   1.        ],\n       [291.        , 217.        ,   1.        ],\n       [249.09677419, 241.32258065,   1.        ],\n       [315.16666667, 454.875     ,   1.        ],\n       [356.5483871 , 205.58064516,   1.        ],\n       [230.33333333, 404.33333333,   1.        ],\n       [311.41935484, 205.06451613,   1.        ],\n       [399.63636364, 440.09090909,   1.        ],\n       [443.16666667, 261.875     ,   1.        ],\n       [421.        , 425.5       ,   1.        ],\n       [228.        , 253.5       ,   1.        ],\n       [378.5       , 453.5       ,   1.        ],\n       [357.5       , 461.        ,   1.        ],\n       [214.19047619, 390.95238095,   1.        ],\n       [441.1       , 409.95      ,   1.        ],\n       [333.5       , 192.5       ,   1.        ],\n       [337.34375   , 469.        ,   1.        ],\n       [463.2173913 , 275.39130435,   1.        ],\n       [207.27586207, 266.4137931 ,   1.        ],\n       [461.40740741, 396.74074074,   1.        ],\n       [461.        , 254.5       ,   1.        ],\n       [192.5862069 , 376.86206897,   1.        ],\n       [186.72413793, 279.4137931 ,   1.        ],\n       [484.        , 290.        ,   1.        ],\n       [483.        , 387.33333333,   1.        ],\n       [170.36666667, 362.36666667,   1.        ],\n       [165.5625    , 291.75      ,   1.        ],\n       [504.41176471, 303.88235294,   1.        ],\n       [169.5       , 388.        ,   1.        ],\n       [502.        , 282.        ,   1.        ],\n       [504.70833333, 377.        ,   1.        ],\n       [148.40740741, 373.74074074,   1.        ],\n       [144.5       , 301.        ,   1.        ],\n       [525.33333333, 319.11111111,   1.        ],\n       [523.8       , 296.        ,   1.        ],\n       [525.09090909, 366.90909091,   1.        ],\n       [124.86486486, 361.2972973 ,   1.        ],\n       [123.08      , 310.2       ,   1.        ],\n       [545.        , 310.        ,   1.        ],\n       [546.5       , 332.        ,   1.        ],\n       [545.5       , 356.5       ,   1.        ],\n       [100.42424242, 322.57575758,   1.        ],\n       [100.09090909, 347.6969697 ,   1.        ],\n       [569.05882353, 321.58823529,   1.        ],\n       [568.74074074, 345.40740741,   1.        ]])}}"}, {"offset": 0.0, "scale": 1.0, "units": ""}], "intensity_calibration": {"offset": 0.0, "scale": 1.0, "units": ""}, "collection_dimension_count": 0, "datum_dimension_count": 2, "metadata": {}, "properties": {}, "title": "labels_all_001", "source_file_path": null, "datetime_modified": {"local_datetime": "2022-05-11T21:24:19.185329", "tz": "-0400", "dst": "+60", "timezone": "America/New_York"}, "datetime_original": {"local_datetime": "2022-05-11T21:24:19.185329", "tz": "-0400", "dst": "+60", "timezone": "America/New_York"}, "uuid": "faa40587-b7e6-4458-b994-3dfd0d4043b0"}