{"version": 1, "reader_version": 1, "large_format": false, "spatial_calibrations": [{"offset": 0.0, "scale": 1.0, "units": "{'All parameters': {'microscope': 'MACSTEM', 'GPU': 1, 'ensemblefile': 'C:/Users/ASUser/AppData/Roaming/Nion/Nion Swift/PlugIns/ELIT_active/Models/mos2_4x_ensemble_metadict.tar', 'threshold': 0.035, 'winsizefraction': 0.33, 'num_iterations': 10, 'sample': 'mos2', 'targets': 'S2', 'drift_correct': 1, 'dwell_blast': 1.0, 'image_parameters': [8.0, 512, 5.0, 0.12, 1.0, 0], 'TIMEOUT': 5, 'px2ang': 0.12, 'rings': [5, 6, 7], 'blast_location': 'centroid', 'offset_blast_x': 0.0, 'offset_blast_y': 0.0, 'Percent_to_blast': 1.0, 'safepos': [1.0, 1.0], 'blanked': 1, 'radius_atom': 0.005, 'radius_def1': 0.01, 'radius_def2': 0.02, 'defectcolors': [[1, 1, 0], [0, 0, 1], [0, 1, 0]], 'status': 'active', 'scantype': 'Subscan cnst', 'maskfile': 'C:/Users/ASUser/AppData/Roaming/Nion/Nion Swift/PlugIns/ELIT_active/Masks/Mask_SVL LIVE letter O.npy', 'subscan_dwellthresh': 2.0, 'subscan_size': 5, 'subscan_time': 0.2, 'subscan_maxtime': 1.0, 'subscan_delta': 0.03, 'MODE': 'BLAST', 'sort method': 'Spiral in-out', 'max_blasting_time': 55.0, 'beamshift_angle': -3.0845118711835284, 'beamshift_factor': 2.9209492755718633, 'goal': 'Grow SVL', 'stop_at': -1.0, 'threshold2': 22.0, 'driftNframes': 5, 'driftFOV': 20.0, 'scan_rot': 3.141592653589793, 'voltage_kv': 60000.0, 'LiveMaskHeight_nm': 0.23, 'SVLatoms': 3, 'saveGMM': 0}, 'All coordinates': {0: array([[  5.4137931 , 150.72413793,   0.        ],\n       [  5.30434783, 199.69565217,   0.        ],\n       [  5.78571429, 226.5       ,   0.        ],\n       ...,\n       [658.84210526, 370.15789474,   0.        ],\n       [659.58823529, 616.        ,   0.        ],\n       [658.5       , 115.5       ,   0.        ]])}, 'Blast coordinates': {'S2': array([[290.27272727, 418.5       ,   1.        ],\n       [312.71428571, 432.        ,   1.        ],\n       [268.1       , 407.7       ,   1.        ],\n       [245.08695652, 392.7826087 ,   1.        ],\n       [399.80952381, 434.04761905,   1.        ],\n       [419.875     , 423.3125    ,   1.        ],\n       [332.625     , 447.16666667,   1.        ],\n       [439.21052632, 410.84210526,   1.        ],\n       [224.23529412, 380.76470588,   1.        ],\n       [460.86206897, 396.4137931 ,   1.        ],\n       [355.55172414, 459.31034483,   1.        ],\n       [506.        , 374.5       ,   1.        ],\n       [181.54545455, 377.09090909,   1.        ],\n       [528.80769231, 360.80769231,   1.        ],\n       [550.6969697 , 351.09090909,   1.        ],\n       [557.3       , 300.9       ,   1.        ],\n       [572.42857143, 342.28571429,   1.        ],\n       [578.        , 316.5       ,   1.        ]])}}"}, {"offset": 0.0, "scale": 1.0, "units": ""}], "intensity_calibration": {"offset": 0.0, "scale": 1.0, "units": ""}, "collection_dimension_count": 0, "datum_dimension_count": 2, "metadata": {}, "properties": {}, "title": "labels_all_007", "source_file_path": null, "datetime_modified": {"local_datetime": "2022-05-11T21:27:07.473071", "tz": "-0400", "dst": "+60", "timezone": "America/New_York"}, "datetime_original": {"local_datetime": "2022-05-11T21:27:07.473071", "tz": "-0400", "dst": "+60", "timezone": "America/New_York"}, "uuid": "da8cef28-9907-40c4-a227-9e5fdc79720a"}