{"version": 1, "reader_version": 1, "large_format": false, "spatial_calibrations": [{"offset": 0.0, "scale": 1.0, "units": "{'All parameters': {'microscope': 'MACSTEM', 'GPU': 1, 'ensemblefile': 'C:/Users/ASUser/AppData/Roaming/Nion/Nion Swift/PlugIns/ELIT_active/Models/mos2_4x_ensemble_metadict.tar', 'threshold': 0.035, 'winsizefraction': 0.33, 'num_iterations': 10, 'sample': 'mos2', 'targets': 'S2', 'drift_correct': 1, 'dwell_blast': 1.0, 'image_parameters': [7.0, 512, 5.0, 0.12, 1.0, 0], 'TIMEOUT': 5, 'px2ang': 0.12, 'rings': [5, 6, 7], 'blast_location': 'centroid', 'offset_blast_x': 0.0, 'offset_blast_y': 0.0, 'Percent_to_blast': 1.0, 'safepos': [1.0, 1.0], 'blanked': 1, 'radius_atom': 0.005, 'radius_def1': 0.01, 'radius_def2': 0.02, 'defectcolors': [[1, 1, 0], [0, 0, 1], [0, 1, 0]], 'status': 'active', 'scantype': 'Subscan cnst', 'maskfile': 'C:/Users/ASUser/AppData/Roaming/Nion/Nion Swift/PlugIns/ELIT_active/Masks/Mask_SVL LIVE letter N.npy', 'subscan_dwellthresh': 2.0, 'subscan_size': 5, 'subscan_time': 0.15, 'subscan_maxtime': 1.0, 'subscan_delta': 0.03, 'MODE': 'BLAST', 'sort method': 'Spiral in-out', 'max_blasting_time': 55.0, 'beamshift_angle': -3.0845118711835284, 'beamshift_factor': 2.9209492755718633, 'goal': 'Grow SVL', 'stop_at': -1.0, 'threshold2': 22.0, 'driftNframes': 5, 'driftFOV': 20.0, 'scan_rot': 3.141592653589793, 'voltage_kv': 60000.0, 'LiveMaskHeight_nm': 0.23, 'SVLatoms': 3, 'saveGMM': 0}, 'All coordinates': {0: array([[  5.24137931, 506.75862069,   0.        ],\n       [  6.63333333, 378.63333333,   0.        ],\n       [  6.        , 429.67857143,   0.        ],\n       ...,\n       [577.875     ,  89.33333333,   0.        ],\n       [578.24137931, 113.24137931,   0.        ],\n       [578.20689655, 575.03448276,   0.        ]])}, 'Blast coordinates': {'S2': array([[170.72413793, 530.5862069 ,   1.        ],\n       [192.36666667, 518.36666667,   1.        ],\n       [213.36363636, 507.90909091,   1.        ],\n       [236.        , 497.        ,   1.        ],\n       [323.        , 138.        ,   1.        ],\n       [344.32142857, 126.67857143,   1.        ],\n       [366.17391304, 115.        ,   1.        ],\n       [366.5       , 399.        ,   1.        ],\n       [386.70833333, 104.        ,   1.        ],\n       [387.        , 388.        ,   1.        ],\n       [408.09677419,  92.32258065,   1.        ],\n       [408.17857143, 374.67857143,   1.        ]])}}"}, {"offset": 0.0, "scale": 1.0, "units": ""}], "intensity_calibration": {"offset": 0.0, "scale": 1.0, "units": ""}, "collection_dimension_count": 0, "datum_dimension_count": 2, "metadata": {}, "properties": {}, "title": "labels_all_006", "source_file_path": null, "datetime_modified": {"local_datetime": "2022-05-11T21:07:01.341109", "tz": "-0400", "dst": "+60", "timezone": "America/New_York"}, "datetime_original": {"local_datetime": "2022-05-11T21:07:01.341109", "tz": "-0400", "dst": "+60", "timezone": "America/New_York"}, "uuid": "dd97923d-5eb9-4647-8363-744f32412c6f"}