{"version": 1, "reader_version": 1, "large_format": false, "spatial_calibrations": [{"offset": 0.0, "scale": 1.0, "units": "{'All parameters': {'microscope': 'MACSTEM', 'GPU': 1, 'ensemblefile': 'C:/Users/ASUser/AppData/Roaming/Nion/Nion Swift/PlugIns/ELIT_active/Models/mos2_4x_ensemble_metadict.tar', 'threshold': 0.035, 'winsizefraction': 0.33, 'num_iterations': 10, 'sample': 'mos2', 'targets': 'S2', 'drift_correct': 1, 'dwell_blast': 1.0, 'image_parameters': [7.0, 512, 5.0, 0.12, 1.0, 0], 'TIMEOUT': 5, 'px2ang': 0.12, 'rings': [5, 6, 7], 'blast_location': 'centroid', 'offset_blast_x': 0.0, 'offset_blast_y': 0.0, 'Percent_to_blast': 1.0, 'safepos': [1.0, 1.0], 'blanked': 1, 'radius_atom': 0.005, 'radius_def1': 0.01, 'radius_def2': 0.02, 'defectcolors': [[1, 1, 0], [0, 0, 1], [0, 1, 0]], 'status': 'active', 'scantype': 'Subscan cnst', 'maskfile': 'C:/Users/ASUser/AppData/Roaming/Nion/Nion Swift/PlugIns/ELIT_active/Masks/Mask_SVL LIVE letter N.npy', 'subscan_dwellthresh': 2.0, 'subscan_size': 5, 'subscan_time': 0.15, 'subscan_maxtime': 1.0, 'subscan_delta': 0.03, 'MODE': 'BLAST', 'sort method': 'Spiral in-out', 'max_blasting_time': 55.0, 'beamshift_angle': -3.0845118711835284, 'beamshift_factor': 2.9209492755718633, 'goal': 'Grow SVL', 'stop_at': -1.0, 'threshold2': 22.0, 'driftNframes': 5, 'driftFOV': 20.0, 'scan_rot': 3.141592653589793, 'voltage_kv': 60000.0, 'LiveMaskHeight_nm': 0.23, 'SVLatoms': 3, 'saveGMM': 0}, 'All coordinates': {0: array([[  6.73529412, 529.47058824,   0.        ],\n       [  7.04      ,  24.76      ,   0.        ],\n       [  7.5862069 ,  48.55172414,   0.        ],\n       ...,\n       [578.88235294, 330.58823529,   0.        ],\n       [578.5       , 514.        ,   0.        ],\n       [579.        , 125.5       ,   0.        ]])}, 'Blast coordinates': {'S2': array([[362.12      , 348.36      ,   1.        ],\n       [383.81481481, 360.92592593,   1.        ],\n       [318.5       , 425.        ,   1.        ],\n       [404.        , 374.70833333,   1.        ],\n       [294.84615385, 439.23076923,   1.        ],\n       [171.        , 229.        ,   1.        ],\n       [292.51724138, 155.03448276,   1.        ],\n       [314.78571429, 139.5       ,   1.        ],\n       [337.09090909, 127.3030303 ,   1.        ],\n       [358.19230769, 115.80769231,   1.        ],\n       [380.4137931 , 105.44827586,   1.        ],\n       [208.52941176, 505.64705882,   1.        ],\n       [401.92592593,  93.59259259,   1.        ],\n       [187.13333333, 516.76666667,   1.        ],\n       [165.06896552, 529.4137931 ,   1.        ]])}}"}, {"offset": 0.0, "scale": 1.0, "units": ""}], "intensity_calibration": {"offset": 0.0, "scale": 1.0, "units": ""}, "collection_dimension_count": 0, "datum_dimension_count": 2, "metadata": {}, "properties": {}, "title": "labels_all_007", "source_file_path": null, "datetime_modified": {"local_datetime": "2022-05-11T21:07:16.643150", "tz": "-0400", "dst": "+60", "timezone": "America/New_York"}, "datetime_original": {"local_datetime": "2022-05-11T21:07:16.643150", "tz": "-0400", "dst": "+60", "timezone": "America/New_York"}, "uuid": "f7e96766-0531-4979-b387-57c4a63d3741"}