{"version": 1, "reader_version": 1, "large_format": false, "spatial_calibrations": [{"offset": 0.0, "scale": 1.0, "units": "{'All parameters': {'microscope': 'MACSTEM', 'GPU': 1, 'ensemblefile': 'C:/Users/ASUser/AppData/Roaming/Nion/Nion Swift/PlugIns/ELIT_active/Models/mos2_4x_ensemble_metadict.tar', 'threshold': 0.035, 'winsizefraction': 0.33, 'num_iterations': 10, 'sample': 'mos2', 'targets': 'S2', 'drift_correct': 1, 'dwell_blast': 1.0, 'image_parameters': [7.0, 512, 5.0, 0.12, 1.0, 0], 'TIMEOUT': 5, 'px2ang': 0.12, 'rings': [5, 6, 7], 'blast_location': 'centroid', 'offset_blast_x': 0.0, 'offset_blast_y': 0.0, 'Percent_to_blast': 1.0, 'safepos': [1.0, 1.0], 'blanked': 1, 'radius_atom': 0.005, 'radius_def1': 0.01, 'radius_def2': 0.02, 'defectcolors': [[1, 1, 0], [0, 0, 1], [0, 1, 0]], 'status': 'active', 'scantype': 'Subscan cnst', 'maskfile': 'C:/Users/ASUser/AppData/Roaming/Nion/Nion Swift/PlugIns/ELIT_active/Masks/Mask_SVL LIVE letter N.npy', 'subscan_dwellthresh': 2.0, 'subscan_size': 5, 'subscan_time': 0.15, 'subscan_maxtime': 1.0, 'subscan_delta': 0.03, 'MODE': 'BLAST', 'sort method': 'Spiral in-out', 'max_blasting_time': 55.0, 'beamshift_angle': -3.0845118711835284, 'beamshift_factor': 2.9209492755718633, 'goal': 'Grow SVL', 'stop_at': -1.0, 'threshold2': 22.0, 'driftNframes': 5, 'driftFOV': 20.0, 'scan_rot': 3.141592653589793, 'voltage_kv': 60000.0, 'LiveMaskHeight_nm': 0.23, 'SVLatoms': 3, 'saveGMM': 0}, 'All coordinates': {0: array([[ 13.03125   ,  10.09375   ,   0.        ],\n       [ 13.27586207,  33.5862069 ,   0.        ],\n       [ 13.09375   ,  58.        ,   0.        ],\n       ...,\n       [567.5       , 560.69230769,   0.        ],\n       [567.875     , 534.33333333,   0.        ],\n       [578.25      ,   7.375     ,   0.        ]])}, 'Blast coordinates': {'S2': array([[284.07407407, 304.66666667,   1.        ],\n       [306.63333333, 317.63333333,   1.        ],\n       [263.13043478, 291.7826087 ,   1.        ],\n       [331.41935484, 330.4516129 ,   1.        ],\n       [242.58064516, 278.4516129 ,   1.        ],\n       [354.63333333, 342.63333333,   1.        ],\n       [219.78571429, 264.5       ,   1.        ],\n       [377.93548387, 354.58064516,   1.        ],\n       [198.38709677, 251.25806452,   1.        ],\n       [240.74074074, 201.40740741,   1.        ],\n       [219.4375    , 214.34375   ,   1.        ],\n       [399.56      , 368.6       ,   1.        ],\n       [261.68965517, 190.06896552,   1.        ],\n       [198.21428571, 225.5       ,   1.        ],\n       [354.51515152, 419.60606061,   1.        ],\n       [330.27272727, 433.33333333,   1.        ],\n       [377.59375   , 407.15625   ,   1.        ],\n       [284.5       , 178.        ,   1.        ],\n       [176.41176471, 237.67647059,   1.        ],\n       [306.22857143, 445.57142857,   1.        ],\n       [399.27586207, 394.89655172,   1.        ],\n       [306.35714286, 165.53571429,   1.        ],\n       [282.71428571, 459.14285714,   1.        ],\n       [329.        , 152.        ,   1.        ],\n       [261.81818182, 472.72727273,   1.        ],\n       [306.91666667, 142.91666667,   1.        ],\n       [352.88888889, 138.48148148,   1.        ],\n       [241.91304348, 485.2173913 ,   1.        ],\n       [332.        , 130.        ,   1.        ],\n       [221.63333333, 494.63333333,   1.        ],\n       [377.63636364, 127.31818182,   1.        ],\n       [356.22222222, 117.5       ,   1.        ],\n       [399.        , 117.5       ,   1.        ],\n       [419.15384615, 106.61538462,   1.        ],\n       [399.33333333,  94.58333333,   1.        ]])}}"}, {"offset": 0.0, "scale": 1.0, "units": ""}], "intensity_calibration": {"offset": 0.0, "scale": 1.0, "units": ""}, "collection_dimension_count": 0, "datum_dimension_count": 2, "metadata": {}, "properties": {}, "title": "labels_all_001", "source_file_path": null, "datetime_modified": {"local_datetime": "2022-05-11T21:04:57.932522", "tz": "-0400", "dst": "+60", "timezone": "America/New_York"}, "datetime_original": {"local_datetime": "2022-05-11T21:04:57.932522", "tz": "-0400", "dst": "+60", "timezone": "America/New_York"}, "uuid": "62c5e5a3-21fe-44a6-8aa6-eaf0aa9c5020"}