{"version": 1, "reader_version": 1, "large_format": false, "spatial_calibrations": [{"offset": 0.0, "scale": 1.0, "units": "{'All parameters': {'microscope': 'MACSTEM', 'GPU': 1, 'ensemblefile': 'C:/Users/ASUser/AppData/Roaming/Nion/Nion Swift/PlugIns/ELIT_active/Models/mos2_4x_ensemble_metadict.tar', 'threshold': 0.035, 'winsizefraction': 0.33, 'num_iterations': 10, 'sample': 'mos2', 'targets': 'S2', 'drift_correct': 1, 'dwell_blast': 1.0, 'image_parameters': [7.0, 512, 5.0, 0.12, 1.0, 0], 'TIMEOUT': 5, 'px2ang': 0.12, 'rings': [5, 6, 7], 'blast_location': 'centroid', 'offset_blast_x': 0.0, 'offset_blast_y': 0.0, 'Percent_to_blast': 1.0, 'safepos': [1.0, 1.0], 'blanked': 1, 'radius_atom': 0.005, 'radius_def1': 0.01, 'radius_def2': 0.02, 'defectcolors': [[1, 1, 0], [0, 0, 1], [0, 1, 0]], 'status': 'active', 'scantype': 'Subscan cnst', 'maskfile': 'C:/Users/ASUser/AppData/Roaming/Nion/Nion Swift/PlugIns/ELIT_active/Masks/Mask_SVL LIVE letter N.npy', 'subscan_dwellthresh': 2.0, 'subscan_size': 5, 'subscan_time': 0.15, 'subscan_maxtime': 1.0, 'subscan_delta': 0.03, 'MODE': 'BLAST', 'sort method': 'Spiral in-out', 'max_blasting_time': 55.0, 'beamshift_angle': -3.0845118711835284, 'beamshift_factor': 2.9209492755718633, 'goal': 'Grow SVL', 'stop_at': -1.0, 'threshold2': 22.0, 'driftNframes': 5, 'driftFOV': 20.0, 'scan_rot': 3.141592653589793, 'voltage_kv': 60000.0, 'LiveMaskHeight_nm': 0.23, 'SVLatoms': 3, 'saveGMM': 0}, 'All coordinates': {0: array([[ 15.6       ,   9.04      ,   0.        ],\n       [ 15.72727273,  31.95454545,   0.        ],\n       [ 16.76      ,  55.36      ,   0.        ],\n       ...,\n       [574.89655172,  44.51724138,   0.        ],\n       [574.25      ,  69.25      ,   0.        ],\n       [575.36666667,  21.36666667,   0.        ]])}, 'Blast coordinates': {'S2': array([[416.        , 101.17391304,   1.        ],\n       [411.27586207, 382.5862069 ,   1.        ],\n       [397.58823529,  92.88235294,   1.        ],\n       [393.5       , 112.22222222,   1.        ],\n       [390.72413793, 394.4137931 ,   1.        ],\n       [375.        , 104.71428571,   1.        ],\n       [371.625     , 123.25      ,   1.        ],\n       [368.81818182, 406.18181818,   1.        ],\n       [354.5       , 341.21428571,   1.        ],\n       [353.61538462, 115.61538462,   1.        ],\n       [349.5       , 135.5       ,   1.        ],\n       [347.20588235, 417.91176471,   1.        ],\n       [332.5       , 328.5       ,   1.        ],\n       [327.        , 147.5       ,   1.        ],\n       [324.88571429, 430.74285714,   1.        ],\n       [307.75675676, 315.18918919,   1.        ],\n       [304.        , 160.        ,   1.        ],\n       [301.63333333, 443.63333333,   1.        ],\n       [283.375     , 301.84375   ,   1.        ],\n       [280.57894737, 172.10526316,   1.        ],\n       [280.        , 456.65625   ,   1.        ],\n       [259.5       , 471.21428571,   1.        ],\n       [259.5       , 288.78571429,   1.        ],\n       [258.90909091, 185.09090909,   1.        ],\n       [239.09090909, 483.90909091,   1.        ],\n       [236.        , 198.5       ,   1.        ],\n       [235.5483871 , 276.12903226,   1.        ],\n       [221.09090909, 495.90909091,   1.        ],\n       [217.28571429, 262.        ,   1.        ],\n       [215.13636364, 211.45454545,   1.        ],\n       [199.88888889, 505.51851852,   1.        ],\n       [197.        , 248.5       ,   1.        ],\n       [196.        , 224.        ,   1.        ],\n       [178.36666667, 517.36666667,   1.        ],\n       [175.58064516, 236.4516129 ,   1.        ]])}}"}, {"offset": 0.0, "scale": 1.0, "units": ""}], "intensity_calibration": {"offset": 0.0, "scale": 1.0, "units": ""}, "collection_dimension_count": 0, "datum_dimension_count": 2, "metadata": {}, "properties": {}, "title": "labels_all_002", "source_file_path": null, "datetime_modified": {"local_datetime": "2022-05-11T21:05:25.577872", "tz": "-0400", "dst": "+60", "timezone": "America/New_York"}, "datetime_original": {"local_datetime": "2022-05-11T21:05:25.577872", "tz": "-0400", "dst": "+60", "timezone": "America/New_York"}, "uuid": "fd6cd5ed-7c49-4aa2-8d71-a1a9fb801a96"}