{"version": 1, "reader_version": 1, "large_format": false, "spatial_calibrations": [{"offset": 0.0, "scale": 1.0, "units": "{'All parameters': {'microscope': 'MACSTEM', 'GPU': 1, 'ensemblefile': 'C:/Users/ASUser/AppData/Roaming/Nion/Nion Swift/PlugIns/ELIT_active/Models/mos2_4x_ensemble_metadict.tar', 'threshold': 0.035, 'winsizefraction': 0.33, 'num_iterations': 10, 'sample': 'mos2', 'targets': 'S2', 'drift_correct': 1, 'dwell_blast': 1.0, 'image_parameters': [7.0, 512, 5.0, 0.12, 1.0, 0], 'TIMEOUT': 5, 'px2ang': 0.12, 'rings': [5, 6, 7], 'blast_location': 'centroid', 'offset_blast_x': 0.0, 'offset_blast_y': 0.0, 'Percent_to_blast': 1.0, 'safepos': [1.0, 1.0], 'blanked': 1, 'radius_atom': 0.005, 'radius_def1': 0.01, 'radius_def2': 0.02, 'defectcolors': [[1, 1, 0], [0, 0, 1], [0, 1, 0]], 'status': 'active', 'scantype': 'Subscan cnst', 'maskfile': 'C:/Users/ASUser/AppData/Roaming/Nion/Nion Swift/PlugIns/ELIT_active/Masks/Mask_SVL LIVE letter N.npy', 'subscan_dwellthresh': 2.0, 'subscan_size': 5, 'subscan_time': 0.15, 'subscan_maxtime': 1.0, 'subscan_delta': 0.03, 'MODE': 'BLAST', 'sort method': 'Spiral in-out', 'max_blasting_time': 55.0, 'beamshift_angle': -3.0845118711835284, 'beamshift_factor': 2.9209492755718633, 'goal': 'Grow SVL', 'stop_at': -1.0, 'threshold2': 22.0, 'driftNframes': 5, 'driftFOV': 20.0, 'scan_rot': 3.141592653589793, 'voltage_kv': 60000.0, 'LiveMaskHeight_nm': 0.23, 'SVLatoms': 3, 'saveGMM': 0}, 'All coordinates': {0: array([[  6.24324324, 446.75675676,   0.        ],\n       [  6.36666667,  17.63333333,   0.        ],\n       [  6.5       ,  41.5       ,   0.        ],\n       ...,\n       [571.36666667, 494.36666667,   0.        ],\n       [571.48148148, 520.40740741,   0.        ],\n       [572.03225806, 545.58064516,   0.        ]])}, 'Blast coordinates': {'S2': array([[176.5       , 224.5       ,   1.        ],\n       [197.        , 212.79310345,   1.        ],\n       [197.        , 239.        ,   1.        ],\n       [218.375     , 201.15625   ,   1.        ],\n       [218.58064516, 252.4516129 ,   1.        ],\n       [219.10714286, 508.        ,   1.        ],\n       [239.625     , 189.15625   ,   1.        ],\n       [240.90909091, 265.6969697 ,   1.        ],\n       [241.09090909, 496.6969697 ,   1.        ],\n       [262.36666667, 177.36666667,   1.        ],\n       [263.1875    , 458.71875   ,   1.        ],\n       [263.06896552, 484.37931034,   1.        ],\n       [263.33333333, 278.5       ,   1.        ],\n       [283.67857143, 165.75      ,   1.        ],\n       [284.36666667, 292.36666667,   1.        ],\n       [284.56666667, 446.83333333,   1.        ],\n       [284.72413793, 472.5862069 ,   1.        ],\n       [306.40740741, 153.07407407,   1.        ],\n       [306.24137931, 305.75862069,   1.        ],\n       [306.4137931 , 434.27586207,   1.        ],\n       [327.07407407, 142.40740741,   1.        ],\n       [327.40740741, 319.74074074,   1.        ],\n       [327.5       , 422.5       ,   1.        ],\n       [348.17857143, 130.39285714,   1.        ],\n       [348.63333333, 333.63333333,   1.        ],\n       [348.17857143, 410.39285714,   1.        ],\n       [369.58064516, 119.5483871 ,   1.        ],\n       [369.81818182, 399.18181818,   1.        ],\n       [370.4137931 , 347.27586207,   1.        ],\n       [391.4137931 , 107.72413793,   1.        ],\n       [392.27586207, 361.5862069 ,   1.        ],\n       [392.77419355, 387.19354839,   1.        ],\n       [413.63333333,  95.63333333,   1.        ],\n       [415.        , 375.5       ,   1.        ]])}}"}, {"offset": 0.0, "scale": 1.0, "units": ""}], "intensity_calibration": {"offset": 0.0, "scale": 1.0, "units": ""}, "collection_dimension_count": 0, "datum_dimension_count": 2, "metadata": {}, "properties": {}, "title": "labels_all_000", "source_file_path": null, "datetime_modified": {"local_datetime": "2022-05-11T21:04:31.265544", "tz": "-0400", "dst": "+60", "timezone": "America/New_York"}, "datetime_original": {"local_datetime": "2022-05-11T21:04:31.265544", "tz": "-0400", "dst": "+60", "timezone": "America/New_York"}, "uuid": "0db0d8da-6b0c-40a8-90d6-db502e53f3b1"}