{"version": 1, "reader_version": 1, "large_format": false, "spatial_calibrations": [{"offset": 0.0, "scale": 1.0, "units": "{'All parameters': {'microscope': 'MACSTEM', 'GPU': 1, 'ensemblefile': 'C:/Users/ASUser/AppData/Roaming/Nion/Nion Swift/PlugIns/ELIT_active/Models/mos2_4x_ensemble_metadict.tar', 'threshold': 0.035, 'winsizefraction': 0.33, 'num_iterations': 10, 'sample': 'mos2', 'targets': 'S2', 'drift_correct': 1, 'dwell_blast': 1.0, 'image_parameters': [7.0, 512, 5.0, 0.12, 1.0, 0], 'TIMEOUT': 5, 'px2ang': 0.12, 'rings': [5, 6, 7], 'blast_location': 'centroid', 'offset_blast_x': 0.0, 'offset_blast_y': 0.0, 'Percent_to_blast': 1.0, 'safepos': [1.0, 1.0], 'blanked': 1, 'radius_atom': 0.005, 'radius_def1': 0.01, 'radius_def2': 0.02, 'defectcolors': [[1, 1, 0], [0, 0, 1], [0, 1, 0]], 'status': 'active', 'scantype': 'Subscan cnst', 'maskfile': 'C:/Users/ASUser/AppData/Roaming/Nion/Nion Swift/PlugIns/ELIT_active/Masks/Mask_SVL LIVE letter N.npy', 'subscan_dwellthresh': 2.0, 'subscan_size': 5, 'subscan_time': 0.15, 'subscan_maxtime': 1.0, 'subscan_delta': 0.03, 'MODE': 'BLAST', 'sort method': 'Spiral in-out', 'max_blasting_time': 55.0, 'beamshift_angle': -3.0845118711835284, 'beamshift_factor': 2.9209492755718633, 'goal': 'Grow SVL', 'stop_at': -1.0, 'threshold2': 22.0, 'driftNframes': 5, 'driftFOV': 20.0, 'scan_rot': 3.141592653589793, 'voltage_kv': 60000.0, 'LiveMaskHeight_nm': 0.23, 'SVLatoms': 3, 'saveGMM': 0}, 'All coordinates': {0: array([[ 12.82758621,   5.82758621,   0.        ],\n       [ 13.36666667,  28.63333333,   0.        ],\n       [ 15.38709677,  52.74193548,   0.        ],\n       ...,\n       [573.13513514, 524.7027027 ,   0.        ],\n       [573.71794872, 576.71794872,   0.        ],\n       [572.90909091, 551.09090909,   0.        ]])}, 'Blast coordinates': {'S2': array([[178.05      , 538.25      ,   1.        ],\n       [179.8       , 514.44      ,   1.        ],\n       [183.88571429, 230.11428571,   1.        ],\n       [199.875     , 524.33333333,   1.        ],\n       [203.        , 501.5       ,   1.        ],\n       [205.67857143, 218.32142857,   1.        ],\n       [206.625     , 243.84375   ,   1.        ],\n       [220.2173913 , 512.86956522,   1.        ],\n       [224.05      , 491.1       ,   1.        ],\n       [225.38461538, 207.38461538,   1.        ],\n       [228.72222222, 257.11111111,   1.        ],\n       [242.72727273, 500.5       ,   1.        ],\n       [246.        , 271.5       ,   1.        ],\n       [248.11764706, 479.41176471,   1.        ],\n       [260.41176471, 180.88235294,   1.        ],\n       [264.6       , 283.6       ,   1.        ],\n       [281.75      , 167.75      ,   1.        ],\n       [284.        , 297.        ,   1.        ],\n       [284.        , 452.5       ,   1.        ],\n       [299.71428571, 312.5       ,   1.        ],\n       [303.        , 156.        ,   1.        ],\n       [303.41935484, 440.4516129 ,   1.        ],\n       [319.5       , 325.21428571,   1.        ],\n       [324.41935484, 427.93548387,   1.        ],\n       [324.5       , 145.71428571,   1.        ],\n       [342.56666667, 337.83333333,   1.        ],\n       [346.11764706, 134.41176471,   1.        ],\n       [346.19354839, 415.96774194,   1.        ],\n       [366.4516129 , 351.58064516,   1.        ],\n       [367.63333333, 402.63333333,   1.        ],\n       [369.        , 122.        ,   1.        ],\n       [388.72413793, 365.5862069 ,   1.        ],\n       [389.41935484, 390.4516129 ,   1.        ],\n       [391.11764706, 111.58823529,   1.        ],\n       [410.5483871 , 379.41935484,   1.        ],\n       [413.90909091, 100.90909091,   1.        ]])}}"}, {"offset": 0.0, "scale": 1.0, "units": ""}], "intensity_calibration": {"offset": 0.0, "scale": 1.0, "units": ""}, "collection_dimension_count": 0, "datum_dimension_count": 2, "metadata": {}, "properties": {}, "title": "labels_all_003", "source_file_path": null, "datetime_modified": {"local_datetime": "2022-05-11T21:05:53.206888", "tz": "-0400", "dst": "+60", "timezone": "America/New_York"}, "datetime_original": {"local_datetime": "2022-05-11T21:05:53.206888", "tz": "-0400", "dst": "+60", "timezone": "America/New_York"}, "uuid": "e24669be-18bf-4dc8-92c2-d527699adcb7"}