{"version": 1, "reader_version": 1, "large_format": false, "spatial_calibrations": [{"offset": 0.0, "scale": 1.0, "units": "{'All parameters': {'microscope': 'MACSTEM', 'GPU': 1, 'ensemblefile': 'C:/Users/ASUser/AppData/Roaming/Nion/Nion Swift/PlugIns/ELIT_active/Models/mos2_4x_ensemble_metadict.tar', 'threshold': 0.035, 'winsizefraction': 0.33, 'num_iterations': 10, 'sample': 'mos2', 'targets': 'S2', 'drift_correct': 1, 'dwell_blast': 1.0, 'image_parameters': [7.0, 512, 5.0, 0.12, 1.0, 0], 'TIMEOUT': 5, 'px2ang': 0.12, 'rings': [5, 6, 7], 'blast_location': 'centroid', 'offset_blast_x': 0.0, 'offset_blast_y': 0.0, 'Percent_to_blast': 1.0, 'safepos': [1.0, 1.0], 'blanked': 1, 'radius_atom': 0.005, 'radius_def1': 0.01, 'radius_def2': 0.02, 'defectcolors': [[1, 1, 0], [0, 0, 1], [0, 1, 0]], 'status': 'active', 'scantype': 'Subscan cnst', 'maskfile': 'C:/Users/ASUser/AppData/Roaming/Nion/Nion Swift/PlugIns/ELIT_active/Masks/Mask_SVL LIVE letter N.npy', 'subscan_dwellthresh': 2.0, 'subscan_size': 5, 'subscan_time': 0.15, 'subscan_maxtime': 1.0, 'subscan_delta': 0.03, 'MODE': 'BLAST', 'sort method': 'Spiral in-out', 'max_blasting_time': 55.0, 'beamshift_angle': -3.0845118711835284, 'beamshift_factor': 2.9209492755718633, 'goal': 'Grow SVL', 'stop_at': -1.0, 'threshold2': 22.0, 'driftNframes': 5, 'driftFOV': 20.0, 'scan_rot': 3.141592653589793, 'voltage_kv': 60000.0, 'LiveMaskHeight_nm': 0.23, 'SVLatoms': 3, 'saveGMM': 0}, 'All coordinates': {0: array([[ 10.5       ,  28.        ,   0.        ],\n       [ 11.4137931 ,  51.44827586,   0.        ],\n       [ 11.7037037 ,  76.44444444,   0.        ],\n       ...,\n       [569.72413793, 520.65517241,   0.        ],\n       [570.        , 546.70833333,   0.        ],\n       [578.25806452, 572.58064516,   0.        ]])}, 'Blast coordinates': {'S2': array([[280.5       , 295.5       ,   1.        ],\n       [317.8       , 323.33333333,   1.        ],\n       [264.        , 282.        ,   1.        ],\n       [339.5       , 336.21428571,   1.        ],\n       [246.72222222, 268.88888889,   1.        ],\n       [228.        , 280.29166667,   1.        ],\n       [363.15625   , 348.59375   ,   1.        ],\n       [226.875     , 254.66666667,   1.        ],\n       [206.42424242, 266.57575758,   1.        ],\n       [385.5       , 361.        ,   1.        ],\n       [206.17857143, 241.32142857,   1.        ],\n       [343.5       , 412.5       ,   1.        ],\n       [364.34615385, 400.65384615,   1.        ],\n       [321.5       , 426.        ,   1.        ],\n       [386.27586207, 387.34482759,   1.        ],\n       [300.08108108, 439.51351351,   1.        ],\n       [408.34375   , 374.625     ,   1.        ],\n       [182.91176471, 227.79411765,   1.        ],\n       [265.8       , 467.        ,   1.        ],\n       [247.84615385, 477.53846154,   1.        ],\n       [389.        , 107.        ,   1.        ]])}}"}, {"offset": 0.0, "scale": 1.0, "units": ""}], "intensity_calibration": {"offset": 0.0, "scale": 1.0, "units": ""}, "collection_dimension_count": 0, "datum_dimension_count": 2, "metadata": {}, "properties": {}, "title": "labels_all_004", "source_file_path": null, "datetime_modified": {"local_datetime": "2022-05-11T21:06:20.492011", "tz": "-0400", "dst": "+60", "timezone": "America/New_York"}, "datetime_original": {"local_datetime": "2022-05-11T21:06:20.492011", "tz": "-0400", "dst": "+60", "timezone": "America/New_York"}, "uuid": "3c9d0aa0-f2da-45e9-97de-d3ec2530f4d3"}