{"version": 1, "reader_version": 1, "large_format": false, "spatial_calibrations": [{"offset": 0.0, "scale": 1.0, "units": "{'All parameters': {'microscope': 'MACSTEM', 'GPU': 1, 'ensemblefile': 'C:/Users/ASUser/AppData/Roaming/Nion/Nion Swift/PlugIns/ELIT_active/Models/mos2_4x_ensemble_metadict.tar', 'threshold': 0.035, 'winsizefraction': 0.33, 'num_iterations': 10, 'sample': 'mos2', 'targets': 'S2', 'drift_correct': 1, 'dwell_blast': 1.0, 'image_parameters': [8.0, 512, 5.0, 0.12, 1.0, 0], 'TIMEOUT': 5, 'px2ang': 0.12, 'rings': [5, 6, 7], 'blast_location': 'centroid', 'offset_blast_x': 0.0, 'offset_blast_y': 0.0, 'Percent_to_blast': 1.0, 'safepos': [1.0, 1.0], 'blanked': 1, 'radius_atom': 0.005, 'radius_def1': 0.01, 'radius_def2': 0.02, 'defectcolors': [[1, 1, 0], [0, 0, 1], [0, 1, 0]], 'status': 'active', 'scantype': 'Subscan cnst', 'maskfile': 'C:/Users/ASUser/AppData/Roaming/Nion/Nion Swift/PlugIns/ELIT_active/Masks/Mask_SVL LIVE letter L.npy', 'subscan_dwellthresh': 2.0, 'subscan_size': 5, 'subscan_time': 0.2, 'subscan_maxtime': 1.0, 'subscan_delta': 0.03, 'MODE': 'BLAST', 'sort method': 'Spiral in-out', 'max_blasting_time': 55.0, 'beamshift_angle': -3.0845118711835284, 'beamshift_factor': 2.9209492755718633, 'goal': 'Grow SVL', 'stop_at': -1.0, 'threshold2': 22.0, 'driftNframes': 5, 'driftFOV': 20.0, 'scan_rot': 3.141592653589793, 'voltage_kv': 60000.0, 'LiveMaskHeight_nm': 0.23, 'SVLatoms': 3, 'saveGMM': 0}, 'All coordinates': {0: array([[  5.        , 273.77419355,   0.        ],\n       [  5.11428571, 299.11428571,   0.        ],\n       [  5.53571429, 249.35714286,   0.        ],\n       ...,\n       [660.33333333, 476.44444444,   0.        ],\n       [661.66666667, 375.85714286,   0.        ],\n       [661.        , 425.5       ,   0.        ]])}, 'Blast coordinates': {'S2': array([[499.5       , 355.5       ,   1.        ],\n       [499.5       , 459.27272727,   1.        ],\n       [499.8       , 434.        ,   1.        ],\n       [498.66666667, 381.66666667,   1.        ],\n       [463.17857143, 221.39285714,   1.        ],\n       [440.72413793, 233.5862069 ,   1.        ],\n       [419.2       , 244.76      ,   1.        ],\n       [419.16666667, 220.875     ,   1.        ],\n       [398.2173913 , 233.08695652,   1.        ],\n       [376.66666667, 244.58333333,   1.        ],\n       [240.22222222, 321.5       ,   1.        ],\n       [219.6       , 311.6       ,   1.        ],\n       [218.3       , 333.9       ,   1.        ],\n       [199.        , 323.        ,   1.        ]])}}"}, {"offset": 0.0, "scale": 1.0, "units": ""}], "intensity_calibration": {"offset": 0.0, "scale": 1.0, "units": ""}, "collection_dimension_count": 0, "datum_dimension_count": 2, "metadata": {}, "properties": {}, "title": "labels_all_002", "source_file_path": null, "datetime_modified": {"local_datetime": "2022-05-11T21:44:21.484860", "tz": "-0400", "dst": "+60", "timezone": "America/New_York"}, "datetime_original": {"local_datetime": "2022-05-11T21:44:21.484860", "tz": "-0400", "dst": "+60", "timezone": "America/New_York"}, "uuid": "8a180808-dce2-45dd-b7c9-5abe26ee3775"}