{"version": 1, "reader_version": 1, "large_format": false, "spatial_calibrations": [{"offset": 0.0, "scale": 1.0, "units": "{'All parameters': {'microscope': 'MACSTEM', 'GPU': 1, 'ensemblefile': 'C:/Users/ASUser/AppData/Roaming/Nion/Nion Swift/PlugIns/ELIT_active/Models/mos2_4x_ensemble_metadict.tar', 'threshold': 0.035, 'winsizefraction': 0.33, 'num_iterations': 10, 'sample': 'mos2', 'targets': 'S2', 'drift_correct': 1, 'dwell_blast': 1.0, 'image_parameters': [8.0, 512, 5.0, 0.12, 1.0, 0], 'TIMEOUT': 5, 'px2ang': 0.12, 'rings': [5, 6, 7], 'blast_location': 'centroid', 'offset_blast_x': 0.0, 'offset_blast_y': 0.0, 'Percent_to_blast': 1.0, 'safepos': [1.0, 1.0], 'blanked': 1, 'radius_atom': 0.005, 'radius_def1': 0.01, 'radius_def2': 0.02, 'defectcolors': [[1, 1, 0], [0, 0, 1], [0, 1, 0]], 'status': 'active', 'scantype': 'Subscan cnst', 'maskfile': 'C:/Users/ASUser/AppData/Roaming/Nion/Nion Swift/PlugIns/ELIT_active/Masks/Mask_SVL LIVE letter L.npy', 'subscan_dwellthresh': 2.0, 'subscan_size': 5, 'subscan_time': 0.2, 'subscan_maxtime': 1.0, 'subscan_delta': 0.03, 'MODE': 'BLAST', 'sort method': 'Spiral in-out', 'max_blasting_time': 55.0, 'beamshift_angle': -3.0845118711835284, 'beamshift_factor': 2.9209492755718633, 'goal': 'Grow SVL', 'stop_at': -1.0, 'threshold2': 22.0, 'driftNframes': 5, 'driftFOV': 20.0, 'scan_rot': 3.141592653589793, 'voltage_kv': 60000.0, 'LiveMaskHeight_nm': 0.23, 'SVLatoms': 3, 'saveGMM': 0}, 'All coordinates': {0: array([[  7.25806452,  14.58064516,   0.        ],\n       [  7.5       ,  38.21428571,   0.        ],\n       [  8.41176471,  61.67647059,   0.        ],\n       ...,\n       [660.95652174, 542.60869565,   0.        ],\n       [660.        , 594.2       ,   0.        ],\n       [660.73076923, 620.65384615,   0.        ]])}, 'Blast coordinates': {'S2': array([[193.5       , 332.5       ,   1.        ],\n       [215.91176471, 320.79411765,   1.        ],\n       [238.59375   , 308.15625   ,   1.        ],\n       [260.96666667, 296.4       ,   1.        ],\n       [282.8125    , 284.28125   ,   1.        ],\n       [305.36666667, 272.36666667,   1.        ],\n       [305.41935484, 297.4516129 ,   1.        ],\n       [326.58064516, 285.5483871 ,   1.        ],\n       [348.        , 274.5       ,   1.        ],\n       [368.11111111, 262.51851852,   1.        ],\n       [390.09090909, 250.54545455,   1.        ],\n       [412.375     , 239.15625   ,   1.        ],\n       [433.5       , 227.5       ,   1.        ],\n       [454.17857143, 216.39285714,   1.        ],\n       [475.34375   , 205.        ,   1.        ],\n       [497.06896552, 193.37931034,   1.        ],\n       [496.82857143, 219.        ,   1.        ],\n       [496.72413793, 244.5862069 ,   1.        ],\n       [496.5       , 269.5       ,   1.        ],\n       [496.93548387, 294.58064516,   1.        ],\n       [497.06451613, 371.58064516,   1.        ],\n       [496.5483871 , 397.58064516,   1.        ],\n       [496.5       , 422.5       ,   1.        ],\n       [496.36666667, 449.36666667,   1.        ],\n       [497.6       , 320.03333333,   1.        ],\n       [497.17857143, 346.39285714,   1.        ],\n       [497.17857143, 474.39285714,   1.        ]])}}"}, {"offset": 0.0, "scale": 1.0, "units": ""}], "intensity_calibration": {"offset": 0.0, "scale": 1.0, "units": ""}, "collection_dimension_count": 0, "datum_dimension_count": 2, "metadata": {}, "properties": {}, "title": "labels_all_000", "source_file_path": null, "datetime_modified": {"local_datetime": "2022-05-11T21:43:29.674537", "tz": "-0400", "dst": "+60", "timezone": "America/New_York"}, "datetime_original": {"local_datetime": "2022-05-11T21:43:29.674537", "tz": "-0400", "dst": "+60", "timezone": "America/New_York"}, "uuid": "d9fd7e48-ae76-4329-84d0-f4784300adff"}