{"version": 1, "reader_version": 1, "large_format": false, "spatial_calibrations": [{"offset": 0.0, "scale": 1.0, "units": "{'All parameters': {'microscope': 'MACSTEM', 'GPU': 1, 'ensemblefile': 'C:/Users/ASUser/AppData/Roaming/Nion/Nion Swift/PlugIns/ELIT_active/Models/mos2_4x_ensemble_metadict.tar', 'threshold': 0.035, 'winsizefraction': 0.33, 'num_iterations': 10, 'sample': 'mos2', 'targets': 'S2', 'drift_correct': 1, 'dwell_blast': 1.0, 'image_parameters': [8.0, 512, 5.0, 0.12, 1.0, 0], 'TIMEOUT': 5, 'px2ang': 0.12, 'rings': [5, 6, 7], 'blast_location': 'centroid', 'offset_blast_x': 0.0, 'offset_blast_y': 0.0, 'Percent_to_blast': 1.0, 'safepos': [1.0, 1.0], 'blanked': 1, 'radius_atom': 0.005, 'radius_def1': 0.01, 'radius_def2': 0.02, 'defectcolors': [[1, 1, 0], [0, 0, 1], [0, 1, 0]], 'status': 'active', 'scantype': 'Subscan cnst', 'maskfile': 'C:/Users/ASUser/AppData/Roaming/Nion/Nion Swift/PlugIns/ELIT_active/Masks/Mask_SVL LIVE letter L.npy', 'subscan_dwellthresh': 2.0, 'subscan_size': 5, 'subscan_time': 0.2, 'subscan_maxtime': 1.0, 'subscan_delta': 0.03, 'MODE': 'BLAST', 'sort method': 'Spiral in-out', 'max_blasting_time': 55.0, 'beamshift_angle': -3.0845118711835284, 'beamshift_factor': 2.9209492755718633, 'goal': 'Grow SVL', 'stop_at': -1.0, 'threshold2': 22.0, 'driftNframes': 5, 'driftFOV': 20.0, 'scan_rot': 3.141592653589793, 'voltage_kv': 60000.0, 'LiveMaskHeight_nm': 0.23, 'SVLatoms': 3, 'saveGMM': 0}, 'All coordinates': {0: array([[ 11.19230769,  23.19230769,   0.        ],\n       [ 11.90625   ,  46.        ,   0.        ],\n       [ 12.09677419, 220.4516129 ,   0.        ],\n       ...,\n       [659.        , 548.70833333,   0.        ],\n       [659.96428571, 625.10714286,   0.        ],\n       [660.        , 470.5       ,   0.        ]])}, 'Blast coordinates': {'S2': array([[395.        , 256.82857143,   1.        ],\n       [371.2       , 268.33333333,   1.        ],\n       [417.82142857, 245.39285714,   1.        ],\n       [371.72413793, 243.5862069 ,   1.        ],\n       [396.4137931 , 232.27586207,   1.        ],\n       [349.21428571, 254.5       ,   1.        ],\n       [439.78571429, 234.5       ,   1.        ],\n       [418.20689655, 221.03448276,   1.        ],\n       [327.36666667, 266.63333333,   1.        ],\n       [463.14285714, 224.19047619,   1.        ],\n       [502.32142857, 302.        ,   1.        ],\n       [502.15384615, 277.46153846,   1.        ],\n       [306.        , 279.5       ,   1.        ],\n       [502.5       , 328.21428571,   1.        ],\n       [502.77777778, 352.7037037 ,   1.        ],\n       [484.5       , 212.        ,   1.        ],\n       [285.63333333, 291.63333333,   1.        ],\n       [502.67857143, 378.32142857,   1.        ],\n       [263.58064516, 304.5483871 ,   1.        ],\n       [502.78571429, 403.5       ,   1.        ],\n       [242.78125   , 315.0625    ,   1.        ],\n       [502.70967742, 428.70967742,   1.        ],\n       [221.36666667, 327.36666667,   1.        ],\n       [503.30769231, 454.23076923,   1.        ],\n       [504.36666667, 479.63333333,   1.        ],\n       [199.92592593, 339.40740741,   1.        ]])}}"}, {"offset": 0.0, "scale": 1.0, "units": ""}], "intensity_calibration": {"offset": 0.0, "scale": 1.0, "units": ""}, "collection_dimension_count": 0, "datum_dimension_count": 2, "metadata": {}, "properties": {}, "title": "labels_all_001", "source_file_path": null, "datetime_modified": {"local_datetime": "2022-05-11T21:43:56.409255", "tz": "-0400", "dst": "+60", "timezone": "America/New_York"}, "datetime_original": {"local_datetime": "2022-05-11T21:43:56.409255", "tz": "-0400", "dst": "+60", "timezone": "America/New_York"}, "uuid": "8d768096-d29a-4405-a8e5-c17ffe165c88"}