{"version": 1, "reader_version": 1, "large_format": false, "spatial_calibrations": [{"offset": 0.0, "scale": 1.0, "units": "{'All parameters': {'microscope': 'MACSTEM', 'GPU': 1, 'ensemblefile': 'C:/Users/ASUser/AppData/Roaming/Nion/Nion Swift/PlugIns/ELIT_active/Models/mos2_4x_ensemble_metadict.tar', 'threshold': 0.035, 'winsizefraction': 0.33, 'num_iterations': 10, 'sample': 'mos2', 'targets': 'S2', 'drift_correct': 1, 'dwell_blast': 1.0, 'image_parameters': [8.0, 512, 5.0, 0.12, 1.0, 0], 'TIMEOUT': 5, 'px2ang': 0.12, 'rings': [5, 6, 7], 'blast_location': 'centroid', 'offset_blast_x': 0.0, 'offset_blast_y': 0.0, 'Percent_to_blast': 1.0, 'safepos': [1.0, 1.0], 'blanked': 1, 'radius_atom': 0.005, 'radius_def1': 0.01, 'radius_def2': 0.02, 'defectcolors': [[1, 1, 0], [0, 0, 1], [0, 1, 0]], 'status': 'active', 'scantype': 'Subscan cnst', 'maskfile': 'C:/Users/ASUser/AppData/Roaming/Nion/Nion Swift/PlugIns/ELIT_active/Masks/Mask_SVL LIVE letter L.npy', 'subscan_dwellthresh': 2.0, 'subscan_size': 5, 'subscan_time': 0.2, 'subscan_maxtime': 1.0, 'subscan_delta': 0.03, 'MODE': 'BLAST', 'sort method': 'Spiral in-out', 'max_blasting_time': 55.0, 'beamshift_angle': -3.0845118711835284, 'beamshift_factor': 2.9209492755718633, 'goal': 'Grow SVL', 'stop_at': -1.0, 'threshold2': 22.0, 'driftNframes': 5, 'driftFOV': 20.0, 'scan_rot': 3.141592653589793, 'voltage_kv': 60000.0, 'LiveMaskHeight_nm': 0.23, 'SVLatoms': 3, 'saveGMM': 0}, 'All coordinates': {0: array([[  5.28205128, 601.20512821,   0.        ],\n       [  5.72727273,  70.78787879,   0.        ],\n       [  5.35294118, 321.52941176,   0.        ],\n       ...,\n       [658.25      , 139.875     ,   0.        ],\n       [660.75      , 419.58333333,   0.        ],\n       [660.4       , 317.2       ,   0.        ]])}, 'Blast coordinates': {'S2': array([[197.84210526, 339.84210526,   1.        ],\n       [242.5       , 313.28571429,   1.        ],\n       [265.3       , 299.7       ,   1.        ],\n       [289.6       , 287.4       ,   1.        ],\n       [311.71428571, 275.5       ,   1.        ],\n       [334.44827586, 262.4137931 ,   1.        ],\n       [357.09090909, 275.45454545,   1.        ],\n       [358.        , 250.        ,   1.        ],\n       [379.58064516, 262.4516129 ,   1.        ],\n       [401.375     , 249.84375   ,   1.        ],\n       [424.18181818, 237.81818182,   1.        ],\n       [448.        , 226.34375   ,   1.        ],\n       [470.6969697 , 213.90909091,   1.        ],\n       [487.875     , 437.33333333,   1.        ],\n       [490.36842105, 306.21052632,   1.        ],\n       [491.08695652, 280.7826087 ,   1.        ],\n       [492.14285714, 227.33333333,   1.        ],\n       [492.23809524, 253.38095238,   1.        ],\n       [491.        , 358.71428571,   1.        ],\n       [490.        , 411.        ,   1.        ],\n       [491.8       , 332.        ,   1.        ]])}}"}, {"offset": 0.0, "scale": 1.0, "units": ""}], "intensity_calibration": {"offset": 0.0, "scale": 1.0, "units": ""}, "collection_dimension_count": 0, "datum_dimension_count": 2, "metadata": {}, "properties": {}, "title": "labels_all_003", "source_file_path": null, "datetime_modified": {"local_datetime": "2022-05-11T21:44:38.879130", "tz": "-0400", "dst": "+60", "timezone": "America/New_York"}, "datetime_original": {"local_datetime": "2022-05-11T21:44:38.879130", "tz": "-0400", "dst": "+60", "timezone": "America/New_York"}, "uuid": "4d0b3928-ddf9-4c25-82f8-ba2610962b10"}