{"version": 1, "reader_version": 1, "large_format": false, "spatial_calibrations": [{"offset": 0.0, "scale": 1.0, "units": "{'All parameters': {'microscope': 'MACSTEM', 'GPU': 1, 'ensemblefile': 'C:/Users/ASUser/AppData/Roaming/Nion/Nion Swift/PlugIns/ELIT_active/Models/mos2_4x_ensemble_metadict.tar', 'threshold': 0.035, 'winsizefraction': 0.33, 'num_iterations': 10, 'sample': 'mos2', 'targets': 'S2', 'drift_correct': 1, 'dwell_blast': 1.0, 'image_parameters': [8.0, 512, 5.0, 0.12, 1.0, 0], 'TIMEOUT': 5, 'px2ang': 0.12, 'rings': [5, 6, 7], 'blast_location': 'centroid', 'offset_blast_x': 0.0, 'offset_blast_y': 0.0, 'Percent_to_blast': 1.0, 'safepos': [1.0, 1.0], 'blanked': 1, 'radius_atom': 0.005, 'radius_def1': 0.01, 'radius_def2': 0.02, 'defectcolors': [[1, 1, 0], [0, 0, 1], [0, 1, 0]], 'status': 'active', 'scantype': 'Subscan cnst', 'maskfile': 'C:/Users/ASUser/AppData/Roaming/Nion/Nion Swift/PlugIns/ELIT_active/Masks/Mask_SVL LIVE letter O.npy', 'subscan_dwellthresh': 2.0, 'subscan_size': 5, 'subscan_time': 0.25, 'subscan_maxtime': 1.0, 'subscan_delta': 0.03, 'MODE': 'BLAST', 'sort method': 'Spiral in-out', 'max_blasting_time': 55.0, 'beamshift_angle': -3.0845118711835284, 'beamshift_factor': 2.9209492755718633, 'goal': 'Grow SVL', 'stop_at': -1.0, 'threshold2': 22.0, 'driftNframes': 5, 'driftFOV': 20.0, 'scan_rot': 3.141592653589793, 'voltage_kv': 60000.0, 'LiveMaskHeight_nm': 0.23, 'SVLatoms': 3, 'saveGMM': 1}, 'All coordinates': {0: array([[  7.60606061, 365.48484848,   0.        ],\n       [ 10.77083333, 647.41666667,   0.        ],\n       [ 10.74285714, 417.17142857,   0.        ],\n       ...,\n       [658.8125    , 640.4375    ,   0.        ],\n       [658.        , 563.        ,   0.        ],\n       [659.        , 334.8       ,   0.        ]])}, 'Blast coordinates': {'S2': array([[ 88.71875   , 320.8125    ,   1.        ],\n       [110.05      , 308.9       ,   1.        ],\n       [110.54545455, 334.86363636,   1.        ],\n       [131.        , 350.5       ,   1.        ],\n       [149.90909091, 295.09090909,   1.        ],\n       [150.66666667, 361.88888889,   1.        ],\n       [170.35294118, 371.        ,   1.        ],\n       [172.32      , 282.56      ,   1.        ],\n       [192.19230769, 384.19230769,   1.        ],\n       [212.75862069, 398.75862069,   1.        ],\n       [235.5       , 411.5       ,   1.        ],\n       [256.875     , 422.875     ,   1.        ],\n       [260.875     , 231.875     ,   1.        ],\n       [275.38461538, 432.38461538,   1.        ],\n       [298.        , 442.5       ,   1.        ],\n       [321.32352941, 454.58823529,   1.        ],\n       [344.12820513, 467.87179487,   1.        ],\n       [351.61904762, 221.76190476,   1.        ],\n       [365.67857143, 455.67857143,   1.        ],\n       [373.6       , 233.96      ,   1.        ],\n       [374.        , 209.29166667,   1.        ],\n       [387.85714286, 418.21428571,   1.        ],\n       [388.20588235, 444.08823529,   1.        ],\n       [395.        , 222.5       ,   1.        ],\n       [411.        , 431.80645161,   1.        ],\n       [411.4516129 , 405.58064516,   1.        ],\n       [418.11111111, 236.94444444,   1.        ],\n       [432.63333333, 420.36666667,   1.        ],\n       [433.27586207, 394.4137931 ,   1.        ],\n       [439.5       , 252.        ,   1.        ],\n       [454.5       , 383.5       ,   1.        ],\n       [454.63333333, 409.36666667,   1.        ],\n       [474.5       , 270.77777778,   1.        ],\n       [476.04      , 398.76      ,   1.        ],\n       [478.09090909, 371.90909091,   1.        ],\n       [498.5       , 386.5       ,   1.        ],\n       [500.33333333, 360.125     ,   1.        ],\n       [521.5       , 373.5       ,   1.        ],\n       [522.3125    , 349.125     ,   1.        ]])}}"}, {"offset": 0.0, "scale": 1.0, "units": ""}], "intensity_calibration": {"offset": 0.0, "scale": 1.0, "units": ""}, "collection_dimension_count": 0, "datum_dimension_count": 2, "metadata": {}, "properties": {}, "title": "labels_all_003", "source_file_path": null, "datetime_modified": {"local_datetime": "2022-05-11T22:08:09.593796", "tz": "-0400", "dst": "+60", "timezone": "America/New_York"}, "datetime_original": {"local_datetime": "2022-05-11T22:08:09.593796", "tz": "-0400", "dst": "+60", "timezone": "America/New_York"}, "uuid": "4f9127ff-064a-46ae-b649-9a8d41b1a1f0"}