{"version": 1, "reader_version": 1, "large_format": false, "spatial_calibrations": [{"offset": 0.0, "scale": 1.0, "units": "{'All parameters': {'microscope': 'MACSTEM', 'GPU': 1, 'ensemblefile': 'C:/Users/ASUser/AppData/Roaming/Nion/Nion Swift/PlugIns/ELIT_active/Models/mos2_4x_ensemble_metadict.tar', 'threshold': 0.035, 'winsizefraction': 0.33, 'num_iterations': 10, 'sample': 'mos2', 'targets': 'S2', 'drift_correct': 1, 'dwell_blast': 1.0, 'image_parameters': [8.0, 512, 5.0, 0.12, 1.0, 0], 'TIMEOUT': 5, 'px2ang': 0.12, 'rings': [5, 6, 7], 'blast_location': 'centroid', 'offset_blast_x': 0.0, 'offset_blast_y': 0.0, 'Percent_to_blast': 1.0, 'safepos': [1.0, 1.0], 'blanked': 1, 'radius_atom': 0.005, 'radius_def1': 0.01, 'radius_def2': 0.02, 'defectcolors': [[1, 1, 0], [0, 0, 1], [0, 1, 0]], 'status': 'active', 'scantype': 'Subscan cnst', 'maskfile': 'C:/Users/ASUser/AppData/Roaming/Nion/Nion Swift/PlugIns/ELIT_active/Masks/Mask_SVL LIVE letter O.npy', 'subscan_dwellthresh': 2.0, 'subscan_size': 5, 'subscan_time': 0.25, 'subscan_maxtime': 1.0, 'subscan_delta': 0.03, 'MODE': 'BLAST', 'sort method': 'Spiral in-out', 'max_blasting_time': 55.0, 'beamshift_angle': -3.0845118711835284, 'beamshift_factor': 2.9209492755718633, 'goal': 'Grow SVL', 'stop_at': -1.0, 'threshold2': 22.0, 'driftNframes': 5, 'driftFOV': 20.0, 'scan_rot': 3.141592653589793, 'voltage_kv': 60000.0, 'LiveMaskHeight_nm': 0.23, 'SVLatoms': 3, 'saveGMM': 1}, 'All coordinates': {0: array([[  9.66666667, 121.5       ,   0.        ],\n       [ 10.22857143, 606.42857143,   0.        ],\n       [ 10.5       ,  23.16666667,   0.        ],\n       ...,\n       [660.5       , 113.        ,   0.        ],\n       [660.5       , 188.5       ,   0.        ],\n       [660.90909091, 289.36363636,   0.        ]])}, 'Blast coordinates': {'S2': array([[ 83.70833333, 326.        ,   1.        ],\n       [104.5       , 314.21428571,   1.        ],\n       [104.65384615, 339.34615385,   1.        ],\n       [126.04      , 302.6       ,   1.        ],\n       [126.5       , 353.78571429,   1.        ],\n       [148.5       , 290.8       ,   1.        ],\n       [148.4516129 , 367.58064516,   1.        ],\n       [169.80769231, 279.19230769,   1.        ],\n       [170.63333333, 381.36666667,   1.        ],\n       [191.63333333, 266.63333333,   1.        ],\n       [192.58064516, 394.4516129 ,   1.        ],\n       [214.41935484, 254.06451613,   1.        ],\n       [215.        , 408.        ,   1.        ],\n       [236.96      , 241.6       ,   1.        ],\n       [237.63333333, 420.63333333,   1.        ],\n       [258.72413793, 230.5862069 ,   1.        ],\n       [258.8       , 434.33333333,   1.        ],\n       [280.72413793, 447.5862069 ,   1.        ],\n       [281.41935484, 217.4516129 ,   1.        ],\n       [302.78571429, 205.5       ,   1.        ],\n       [303.5       , 461.5       ,   1.        ],\n       [325.27586207, 193.34482759,   1.        ],\n       [325.58064516, 474.93548387,   1.        ],\n       [348.21428571, 206.5       ,   1.        ],\n       [347.89655172, 461.82758621,   1.        ],\n       [368.76      , 449.8       ,   1.        ],\n       [369.58064516, 220.4516129 ,   1.        ],\n       [391.07407407, 233.40740741,   1.        ],\n       [391.07407407, 438.40740741,   1.        ],\n       [412.5       , 247.5       ,   1.        ],\n       [413.        , 426.5       ,   1.        ],\n       [434.5       , 260.5       ,   1.        ],\n       [434.85185185, 413.7037037 ,   1.        ],\n       [456.66666667, 402.125     ,   1.        ],\n       [457.66666667, 273.36363636,   1.        ],\n       [479.18518519, 287.07407407,   1.        ],\n       [479.04      , 390.76      ,   1.        ],\n       [501.61290323, 299.74193548,   1.        ],\n       [501.58064516, 377.93548387,   1.        ],\n       [525.08571429, 313.68571429,   1.        ],\n       [525.36666667, 364.36666667,   1.        ],\n       [548.4516129 , 352.29032258,   1.        ],\n       [550.10526316, 325.78947368,   1.        ],\n       [572.70967742, 338.5483871 ,   1.        ]])}}"}, {"offset": 0.0, "scale": 1.0, "units": ""}], "intensity_calibration": {"offset": 0.0, "scale": 1.0, "units": ""}, "collection_dimension_count": 0, "datum_dimension_count": 2, "metadata": {}, "properties": {}, "title": "labels_all_000", "source_file_path": null, "datetime_modified": {"local_datetime": "2022-05-11T22:06:21.216767", "tz": "-0400", "dst": "+60", "timezone": "America/New_York"}, "datetime_original": {"local_datetime": "2022-05-11T22:06:21.216767", "tz": "-0400", "dst": "+60", "timezone": "America/New_York"}, "uuid": "b15ff18f-ee98-4677-869a-7478bfcae70d"}