{"version": 1, "reader_version": 1, "large_format": false, "spatial_calibrations": [{"offset": 0.0, "scale": 1.0, "units": "{'All parameters': {'microscope': 'MACSTEM', 'GPU': 1, 'ensemblefile': 'C:/Users/ASUser/AppData/Roaming/Nion/Nion Swift/PlugIns/ELIT_active/Models/mos2_4x_ensemble_metadict.tar', 'threshold': 0.035, 'winsizefraction': 0.33, 'num_iterations': 10, 'sample': 'mos2', 'targets': 'S2', 'drift_correct': 1, 'dwell_blast': 1.0, 'image_parameters': [8.0, 512, 5.0, 0.12, 1.0, 0], 'TIMEOUT': 5, 'px2ang': 0.12, 'rings': [5, 6, 7], 'blast_location': 'centroid', 'offset_blast_x': 0.0, 'offset_blast_y': 0.0, 'Percent_to_blast': 1.0, 'safepos': [1.0, 1.0], 'blanked': 1, 'radius_atom': 0.005, 'radius_def1': 0.01, 'radius_def2': 0.02, 'defectcolors': [[1, 1, 0], [0, 0, 1], [0, 1, 0]], 'status': 'active', 'scantype': 'Subscan cnst', 'maskfile': 'C:/Users/ASUser/AppData/Roaming/Nion/Nion Swift/PlugIns/ELIT_active/Masks/Mask_SVL LIVE letter O.npy', 'subscan_dwellthresh': 2.0, 'subscan_size': 5, 'subscan_time': 0.25, 'subscan_maxtime': 1.0, 'subscan_delta': 0.03, 'MODE': 'BLAST', 'sort method': 'Spiral in-out', 'max_blasting_time': 55.0, 'beamshift_angle': -3.0845118711835284, 'beamshift_factor': 2.9209492755718633, 'goal': 'Grow SVL', 'stop_at': -1.0, 'threshold2': 22.0, 'driftNframes': 5, 'driftFOV': 20.0, 'scan_rot': 3.141592653589793, 'voltage_kv': 60000.0, 'LiveMaskHeight_nm': 0.23, 'SVLatoms': 3, 'saveGMM': 1}, 'All coordinates': {0: array([[  5.16129032, 261.38709677,   0.        ],\n       [  5.03333333, 567.9       ,   0.        ],\n       [ 17.69230769,  15.23076923,   0.        ],\n       ...,\n       [661.        , 437.        ,   0.        ],\n       [661.33333333, 462.        ,   0.        ],\n       [660.71428571, 641.        ,   0.        ]])}, 'Blast coordinates': {'S2': array([[376.78571429, 235.5       ,   1.        ],\n       [398.5483871 , 248.41935484,   1.        ],\n       [355.        , 222.5       ,   1.        ],\n       [266.1875    , 420.46875   ,   1.        ],\n       [289.41935484, 433.4516129 ,   1.        ],\n       [420.5862069 , 261.72413793,   1.        ],\n       [376.25925926, 435.59259259,   1.        ],\n       [400.25925926, 424.59259259,   1.        ],\n       [242.70967742, 408.29032258,   1.        ],\n       [311.        , 447.5       ,   1.        ],\n       [354.53125   , 448.8125    ,   1.        ],\n       [420.5       , 413.33333333,   1.        ],\n       [334.40740741, 207.74074074,   1.        ],\n       [224.78571429, 266.64285714,   1.        ],\n       [398.63333333, 223.63333333,   1.        ],\n       [269.5       , 218.5       ,   1.        ],\n       [376.63333333, 210.63333333,   1.        ],\n       [249.        , 231.29166667,   1.        ],\n       [420.5       , 237.5       ,   1.        ],\n       [332.71875   , 460.8125    ,   1.        ],\n       [290.72413793, 206.5862069 ,   1.        ],\n       [267.36666667, 446.36666667,   1.        ],\n       [443.09677419, 401.67741935,   1.        ],\n       [244.        , 433.5       ,   1.        ],\n       [227.        , 244.5       ,   1.        ],\n       [289.78787879, 459.45454545,   1.        ],\n       [354.34375   , 197.        ,   1.        ],\n       [442.78571429, 250.5       ,   1.        ],\n       [312.17857143, 194.39285714,   1.        ],\n       [202.84210526, 280.84210526,   1.        ],\n       [223.7       , 420.1       ,   1.        ],\n       [311.58064516, 472.5483871 ,   1.        ],\n       [464.58064516, 389.4516129 ,   1.        ],\n       [205.04      , 406.76      ,   1.        ],\n       [463.3       , 263.9       ,   1.        ],\n       [184.48387097, 391.90322581,   1.        ],\n       [485.625     , 377.84375   ,   1.        ],\n       [484.64705882, 277.        ,   1.        ],\n       [160.4137931 , 379.27586207,   1.        ],\n       [159.72727273, 282.81818182,   1.        ],\n       [507.36666667, 365.36666667,   1.        ],\n       [138.        , 318.        ,   1.        ],\n       [137.92592593, 366.59259259,   1.        ],\n       [137.7826087 , 294.39130435,   1.        ],\n       [528.92      , 353.8       ,   1.        ],\n       [117.125     , 329.66666667,   1.        ],\n       [117.24      , 353.28      ,   1.        ],\n       [117.25      , 305.25      ,   1.        ],\n       [550.76190476, 342.38095238,   1.        ],\n       [ 93.625     , 339.84375   ,   1.        ]])}}"}, {"offset": 0.0, "scale": 1.0, "units": ""}], "intensity_calibration": {"offset": 0.0, "scale": 1.0, "units": ""}, "collection_dimension_count": 0, "datum_dimension_count": 2, "metadata": {}, "properties": {}, "title": "labels_all_001", "source_file_path": null, "datetime_modified": {"local_datetime": "2022-05-11T22:06:56.719986", "tz": "-0400", "dst": "+60", "timezone": "America/New_York"}, "datetime_original": {"local_datetime": "2022-05-11T22:06:56.719986", "tz": "-0400", "dst": "+60", "timezone": "America/New_York"}, "uuid": "1238d8c0-054d-4d1c-9c4b-fdd7b41628d4"}