{"version": 1, "reader_version": 1, "large_format": false, "spatial_calibrations": [{"offset": 0.0, "scale": 1.0, "units": "{'All parameters': {'microscope': 'MACSTEM', 'GPU': 1, 'ensemblefile': 'C:/Users/ASUser/AppData/Roaming/Nion/Nion Swift/PlugIns/ELIT_active/Models/mos2_4x_ensemble_metadict.tar', 'threshold': 0.035, 'winsizefraction': 0.33, 'num_iterations': 10, 'sample': 'mos2', 'targets': 'S2', 'drift_correct': 1, 'dwell_blast': 1.0, 'image_parameters': [8.0, 512, 5.0, 0.12, 1.0, 0], 'TIMEOUT': 5, 'px2ang': 0.12, 'rings': [5, 6, 7], 'blast_location': 'centroid', 'offset_blast_x': 0.0, 'offset_blast_y': 0.0, 'Percent_to_blast': 1.0, 'safepos': [1.0, 1.0], 'blanked': 1, 'radius_atom': 0.005, 'radius_def1': 0.01, 'radius_def2': 0.02, 'defectcolors': [[1, 1, 0], [0, 0, 1], [0, 1, 0]], 'status': 'active', 'scantype': 'Subscan cnst', 'maskfile': 'C:/Users/ASUser/AppData/Roaming/Nion/Nion Swift/PlugIns/ELIT_active/Masks/Mask_SVL LIVE letter O.npy', 'subscan_dwellthresh': 2.0, 'subscan_size': 5, 'subscan_time': 0.25, 'subscan_maxtime': 1.0, 'subscan_delta': 0.03, 'MODE': 'BLAST', 'sort method': 'Spiral in-out', 'max_blasting_time': 55.0, 'beamshift_angle': -3.0845118711835284, 'beamshift_factor': 2.9209492755718633, 'goal': 'Grow SVL', 'stop_at': -1.0, 'threshold2': 22.0, 'driftNframes': 5, 'driftFOV': 20.0, 'scan_rot': 3.141592653589793, 'voltage_kv': 60000.0, 'LiveMaskHeight_nm': 0.23, 'SVLatoms': 3, 'saveGMM': 1}, 'All coordinates': {0: array([[  5.37142857,  86.17142857,   0.        ],\n       [  5.27272727,  16.18181818,   0.        ],\n       [  5.8974359 , 386.        ,   0.        ],\n       ...,\n       [663.5       , 207.        ,   0.        ],\n       [664.        , 255.5       ,   0.        ],\n       [664.35714286, 280.78571429,   0.        ]])}, 'Blast coordinates': {'S2': array([[560.33333333, 335.125     ,   1.        ],\n       [537.39393939, 321.51515152,   1.        ],\n       [536.09375   , 346.0625    ,   1.        ],\n       [513.5       , 308.21428571,   1.        ],\n       [511.40740741, 359.07407407,   1.        ],\n       [491.        , 371.5       ,   1.        ],\n       [491.25925926, 294.40740741,   1.        ],\n       [469.5       , 384.        ,   1.        ],\n       [469.5       , 282.27272727,   1.        ],\n       [448.17241379, 394.79310345,   1.        ],\n       [447.875     , 268.33333333,   1.        ],\n       [427.08333333, 253.91666667,   1.        ],\n       [425.33333333, 405.33333333,   1.        ],\n       [404.875     , 415.125     ,   1.        ],\n       [404.5       , 240.5       ,   1.        ],\n       [381.63157895, 427.21052632,   1.        ],\n       [382.63333333, 226.63333333,   1.        ],\n       [361.41935484, 212.4516129 ,   1.        ],\n       [360.1       , 439.7       ,   1.        ],\n       [339.        , 201.        ,   1.        ],\n       [338.        , 451.70833333,   1.        ],\n       [316.        , 464.29166667,   1.        ],\n       [294.6       , 208.6       ,   1.        ],\n       [294.30769231, 451.76923077,   1.        ],\n       [274.68      , 221.76      ,   1.        ],\n       [273.63157895, 439.52631579,   1.        ],\n       [255.        , 429.        ,   1.        ],\n       [253.84210526, 234.84210526,   1.        ],\n       [233.11111111, 416.94444444,   1.        ],\n       [231.        , 248.        ,   1.        ],\n       [211.5       , 404.        ,   1.        ],\n       [209.66666667, 258.66666667,   1.        ],\n       [190.16666667, 266.16666667,   1.        ],\n       [189.        , 390.5       ,   1.        ],\n       [169.        , 274.5       ,   1.        ],\n       [167.16666667, 375.875     ,   1.        ],\n       [168.08823529, 300.02941176,   1.        ],\n       [145.92592593, 361.59259259,   1.        ],\n       [145.58064516, 311.93548387,   1.        ],\n       [123.42857143, 348.94285714,   1.        ],\n       [123.84375   , 323.625     ,   1.        ],\n       [100.34375   , 336.        ,   1.        ]])}}"}, {"offset": 0.0, "scale": 1.0, "units": ""}], "intensity_calibration": {"offset": 0.0, "scale": 1.0, "units": ""}, "collection_dimension_count": 0, "datum_dimension_count": 2, "metadata": {}, "properties": {}, "title": "labels_all_002", "source_file_path": null, "datetime_modified": {"local_datetime": "2022-05-11T22:07:35.455473", "tz": "-0400", "dst": "+60", "timezone": "America/New_York"}, "datetime_original": {"local_datetime": "2022-05-11T22:07:35.455473", "tz": "-0400", "dst": "+60", "timezone": "America/New_York"}, "uuid": "8e56db5d-0661-4132-a3b1-44fad6259902"}