{"version": 1, "reader_version": 1, "large_format": false, "spatial_calibrations": [{"offset": 0.0, "scale": 1.0, "units": "{'All parameters': {'microscope': 'MACSTEM', 'GPU': 1, 'ensemblefile': 'C:/Users/ASUser/AppData/Roaming/Nion/Nion Swift/PlugIns/ELIT_active/Models/mos2_4x_ensemble_metadict.tar', 'threshold': 0.035, 'winsizefraction': 0.33, 'num_iterations': 10, 'sample': 'mos2', 'targets': 'S2', 'drift_correct': 1, 'dwell_blast': 1.0, 'image_parameters': [8.0, 512, 5.0, 0.12, 1.0, 0], 'TIMEOUT': 5, 'px2ang': 0.12, 'rings': [5, 6, 7], 'blast_location': 'centroid', 'offset_blast_x': 0.0, 'offset_blast_y': 0.0, 'Percent_to_blast': 1.0, 'safepos': [1.0, 1.0], 'blanked': 1, 'radius_atom': 0.005, 'radius_def1': 0.01, 'radius_def2': 0.02, 'defectcolors': [[1, 1, 0], [0, 0, 1], [0, 1, 0]], 'status': 'active', 'scantype': 'Subscan cnst', 'maskfile': 'C:/Users/ASUser/AppData/Roaming/Nion/Nion Swift/PlugIns/ELIT_active/Masks/Mask_SVL LIVE letter O.npy', 'subscan_dwellthresh': 2.0, 'subscan_size': 5, 'subscan_time': 0.2, 'subscan_maxtime': 1.0, 'subscan_delta': 0.03, 'MODE': 'BLAST', 'sort method': 'Spiral in-out', 'max_blasting_time': 55.0, 'beamshift_angle': -3.0845118711835284, 'beamshift_factor': 2.9209492755718633, 'goal': 'Grow SVL', 'stop_at': -1.0, 'threshold2': 22.0, 'driftNframes': 2, 'driftFOV': 20.0, 'scan_rot': 3.141592653589793, 'voltage_kv': 60000.0, 'LiveMaskHeight_nm': 0.23, 'SVLatoms': 3, 'saveGMM': 0}, 'All coordinates': {0: array([[  5.69230769, 613.76923077,   0.        ],\n       [  6.75      , 438.25      ,   0.        ],\n       [  6.54166667, 540.375     ,   0.        ],\n       ...,\n       [655.8       , 558.4       ,   0.        ],\n       [658.76470588,  58.70588235,   0.        ],\n       [660.66666667, 554.66666667,   0.        ]])}, 'Blast coordinates': {'S2': array([[ 97.4       , 335.04      ,   1.        ],\n       [119.41935484, 346.4516129 ,   1.        ],\n       [120.70833333, 321.29166667,   1.        ],\n       [141.73333333, 309.3       ,   1.        ],\n       [141.5       , 359.        ,   1.        ],\n       [163.5       , 295.        ,   1.        ],\n       [162.96      , 371.6       ,   1.        ],\n       [186.63333333, 282.36666667,   1.        ],\n       [185.88461538, 382.69230769,   1.        ],\n       [207.5       , 393.78571429,   1.        ],\n       [208.5862069 , 269.27586207,   1.        ],\n       [230.04761905, 406.19047619,   1.        ],\n       [231.19047619, 256.14285714,   1.        ],\n       [251.82608696, 419.        ,   1.        ],\n       [253.5       , 243.21428571,   1.        ],\n       [275.48148148, 432.11111111,   1.        ],\n       [276.30769231, 231.03846154,   1.        ],\n       [298.78571429, 218.5       ,   1.        ],\n       [298.17857143, 444.32142857,   1.        ],\n       [321.18181818, 457.18181818,   1.        ],\n       [322.33333333, 206.125     ,   1.        ],\n       [343.5862069 , 444.27586207,   1.        ],\n       [343.375     , 469.15625   ,   1.        ],\n       [344.17857143, 193.39285714,   1.        ],\n       [365.63333333, 205.36666667,   1.        ],\n       [365.72413793, 432.4137931 ,   1.        ],\n       [365.59259259, 456.74074074,   1.        ],\n       [387.39285714, 445.14285714,   1.        ],\n       [389.        , 218.70833333,   1.        ],\n       [389.65384615, 243.34615385,   1.        ],\n       [410.88888889, 255.48148148,   1.        ],\n       [410.89655172, 431.48275862,   1.        ],\n       [411.        , 230.88461538,   1.        ],\n       [411.83333333, 406.875     ,   1.        ],\n       [433.90625   , 241.78125   ,   1.        ],\n       [433.96428571, 267.57142857,   1.        ],\n       [434.06896552, 418.31034483,   1.        ],\n       [455.96296296, 405.18518519,   1.        ],\n       [457.48148148, 254.88888889,   1.        ],\n       [457.32142857, 280.32142857,   1.        ],\n       [479.51851852, 266.88888889,   1.        ],\n       [479.17857143, 291.60714286,   1.        ],\n       [479.4       , 392.04      ,   1.        ],\n       [501.        , 278.125     ,   1.        ],\n       [501.07407407, 304.40740741,   1.        ],\n       [501.09090909, 378.90909091,   1.        ],\n       [523.69230769, 315.23076923,   1.        ],\n       [523.33333333, 364.2       ,   1.        ],\n       [545.38461538, 326.15384615,   1.        ],\n       [545.08695652, 350.7826087 ,   1.        ],\n       [567.        , 337.29166667,   1.        ],\n       [329.        , 194.5       ,   1.        ],\n       [574.        , 325.5       ,   1.        ]])}}"}, {"offset": 0.0, "scale": 1.0, "units": ""}], "intensity_calibration": {"offset": 0.0, "scale": 1.0, "units": ""}, "collection_dimension_count": 0, "datum_dimension_count": 2, "metadata": {}, "properties": {}, "title": "labels_all_000", "source_file_path": null, "datetime_modified": {"local_datetime": "2022-05-11T22:34:15.278011", "tz": "-0400", "dst": "+60", "timezone": "America/New_York"}, "datetime_original": {"local_datetime": "2022-05-11T22:34:15.278011", "tz": "-0400", "dst": "+60", "timezone": "America/New_York"}, "uuid": "4c56e61a-71c3-49d0-a7a9-315f23ad7467"}