{"version": 1, "reader_version": 1, "large_format": false, "spatial_calibrations": [{"offset": 0.0, "scale": 1.0, "units": "{'All parameters': {'microscope': 'MACSTEM', 'GPU': 1, 'ensemblefile': 'C:/Users/ASUser/AppData/Roaming/Nion/Nion Swift/PlugIns/ELIT_active/Models/mos2_4x_ensemble_metadict.tar', 'threshold': 0.035, 'winsizefraction': 0.33, 'num_iterations': 10, 'sample': 'mos2', 'targets': 'S2', 'drift_correct': 1, 'dwell_blast': 1.0, 'image_parameters': [8.0, 512, 5.0, 0.12, 1.0, 0], 'TIMEOUT': 5, 'px2ang': 0.12, 'rings': [5, 6, 7], 'blast_location': 'centroid', 'offset_blast_x': 0.0, 'offset_blast_y': 0.0, 'Percent_to_blast': 1.0, 'safepos': [1.0, 1.0], 'blanked': 1, 'radius_atom': 0.005, 'radius_def1': 0.01, 'radius_def2': 0.02, 'defectcolors': [[1, 1, 0], [0, 0, 1], [0, 1, 0]], 'status': 'active', 'scantype': 'Subscan cnst', 'maskfile': 'C:/Users/ASUser/AppData/Roaming/Nion/Nion Swift/PlugIns/ELIT_active/Masks/Mask_SVL LIVE letter O.npy', 'subscan_dwellthresh': 2.0, 'subscan_size': 5, 'subscan_time': 0.2, 'subscan_maxtime': 1.0, 'subscan_delta': 0.03, 'MODE': 'BLAST', 'sort method': 'Spiral in-out', 'max_blasting_time': 55.0, 'beamshift_angle': -3.0845118711835284, 'beamshift_factor': 2.9209492755718633, 'goal': 'Grow SVL', 'stop_at': -1.0, 'threshold2': 22.0, 'driftNframes': 2, 'driftFOV': 20.0, 'scan_rot': 3.141592653589793, 'voltage_kv': 60000.0, 'LiveMaskHeight_nm': 0.23, 'SVLatoms': 3, 'saveGMM': 0}, 'All coordinates': {0: array([[ 11.44444444, 640.06666667,   0.        ],\n       [ 13.79166667, 386.22916667,   0.        ],\n       [ 11.91891892, 514.54054054,   0.        ],\n       ...,\n       [659.03846154, 357.69230769,   0.        ],\n       [659.07142857, 432.10714286,   0.        ],\n       [663.88888889, 292.33333333,   0.        ]])}, 'Blast coordinates': {'S2': array([[ 91.5       , 336.        ,   1.        ],\n       [180.5       , 283.        ,   1.        ],\n       [216.34615385, 256.65384615,   1.        ],\n       [238.5       , 242.78571429,   1.        ],\n       [263.71428571, 231.5       ,   1.        ],\n       [286.        , 220.82608696,   1.        ],\n       [309.28      , 209.6       ,   1.        ],\n       [333.23809524, 198.61904762,   1.        ],\n       [355.4       , 212.04      ,   1.        ],\n       [358.75      , 460.5625    ,   1.        ],\n       [378.        , 224.        ,   1.        ],\n       [380.        , 446.875     ,   1.        ],\n       [401.11111111, 235.33333333,   1.        ],\n       [402.2       , 432.66666667,   1.        ],\n       [422.89655172, 244.68965517,   1.        ],\n       [423.        , 418.64705882,   1.        ],\n       [445.55555556, 257.40740741,   1.        ],\n       [510.5       , 289.        ,   1.        ],\n       [531.6       , 299.44      ,   1.        ],\n       [532.74074074, 325.40740741,   1.        ],\n       [533.81818182, 349.81818182,   1.        ],\n       [554.66666667, 337.2       ,   1.        ],\n       [555.1       , 311.8       ,   1.        ],\n       [577.17241379, 323.79310345,   1.        ]])}}"}, {"offset": 0.0, "scale": 1.0, "units": ""}], "intensity_calibration": {"offset": 0.0, "scale": 1.0, "units": ""}, "collection_dimension_count": 0, "datum_dimension_count": 2, "metadata": {}, "properties": {}, "title": "labels_all_003", "source_file_path": null, "datetime_modified": {"local_datetime": "2022-05-11T22:36:04.895288", "tz": "-0400", "dst": "+60", "timezone": "America/New_York"}, "datetime_original": {"local_datetime": "2022-05-11T22:36:04.895288", "tz": "-0400", "dst": "+60", "timezone": "America/New_York"}, "uuid": "6d90bdc1-3c10-4a46-88c6-b616980bc5be"}