{"version": 1, "reader_version": 1, "large_format": false, "spatial_calibrations": [{"offset": 0.0, "scale": 1.0, "units": "{'All parameters': {'microscope': 'MACSTEM', 'GPU': 1, 'ensemblefile': 'C:/Users/ASUser/AppData/Roaming/Nion/Nion Swift/PlugIns/ELIT_active/Models/mos2_4x_ensemble_metadict.tar', 'threshold': 0.035, 'winsizefraction': 0.33, 'num_iterations': 10, 'sample': 'mos2', 'targets': 'S2', 'drift_correct': 1, 'dwell_blast': 1.0, 'image_parameters': [8.0, 512, 5.0, 0.12, 1.0, 0], 'TIMEOUT': 5, 'px2ang': 0.12, 'rings': [5, 6, 7], 'blast_location': 'centroid', 'offset_blast_x': 0.0, 'offset_blast_y': 0.0, 'Percent_to_blast': 1.0, 'safepos': [1.0, 1.0], 'blanked': 1, 'radius_atom': 0.005, 'radius_def1': 0.01, 'radius_def2': 0.02, 'defectcolors': [[1, 1, 0], [0, 0, 1], [0, 1, 0]], 'status': 'active', 'scantype': 'Subscan cnst', 'maskfile': 'C:/Users/ASUser/AppData/Roaming/Nion/Nion Swift/PlugIns/ELIT_active/Masks/Mask_SVL LIVE letter O.npy', 'subscan_dwellthresh': 2.0, 'subscan_size': 5, 'subscan_time': 0.2, 'subscan_maxtime': 1.0, 'subscan_delta': 0.03, 'MODE': 'BLAST', 'sort method': 'Spiral in-out', 'max_blasting_time': 55.0, 'beamshift_angle': -3.0845118711835284, 'beamshift_factor': 2.9209492755718633, 'goal': 'Grow SVL', 'stop_at': -1.0, 'threshold2': 22.0, 'driftNframes': 5, 'driftFOV': 20.0, 'scan_rot': 3.141592653589793, 'voltage_kv': 60000.0, 'LiveMaskHeight_nm': 0.23, 'SVLatoms': 3, 'saveGMM': 0}, 'All coordinates': {0: array([[ 10.68965517,  12.89655172,   0.        ],\n       [ 10.72413793, 212.5862069 ,   0.        ],\n       [ 10.61764706, 261.85294118,   0.        ],\n       ...,\n       [661.04761905, 461.38095238,   0.        ],\n       [660.75      , 641.08333333,   0.        ],\n       [661.        , 589.        ,   0.        ]])}, 'Blast coordinates': {'S2': array([[105.07142857, 331.07142857,   1.        ],\n       [126.5483871 , 344.58064516,   1.        ],\n       [127.        , 318.5       ,   1.        ],\n       [148.80645161, 307.03225806,   1.        ],\n       [148.63333333, 357.63333333,   1.        ],\n       [171.63333333, 293.63333333,   1.        ],\n       [172.70967742, 370.70967742,   1.        ],\n       [194.5       , 281.5       ,   1.        ],\n       [195.59259259, 384.25925926,   1.        ],\n       [217.36666667, 269.36666667,   1.        ],\n       [217.41935484, 396.93548387,   1.        ],\n       [240.5       , 257.33333333,   1.        ],\n       [241.33333333, 410.5       ,   1.        ],\n       [264.5       , 244.5       ,   1.        ],\n       [264.51612903, 423.09677419,   1.        ],\n       [286.90322581, 232.32258065,   1.        ],\n       [286.81818182, 435.81818182,   1.        ],\n       [308.6969697 , 219.90909091,   1.        ],\n       [309.20588235, 449.91176471,   1.        ],\n       [330.5       , 207.        ,   1.        ],\n       [331.625     , 463.15625   ,   1.        ],\n       [352.5       , 221.        ,   1.        ],\n       [354.32258065, 450.09677419,   1.        ],\n       [375.33333333, 234.875     ,   1.        ],\n       [375.32142857, 438.67857143,   1.        ],\n       [396.8125    , 247.53125   ,   1.        ],\n       [396.63333333, 426.63333333,   1.        ],\n       [418.5       , 261.78571429,   1.        ],\n       [418.42424242, 414.57575758,   1.        ],\n       [439.51724138, 251.10344828,   1.        ],\n       [439.5       , 276.4       ,   1.        ],\n       [439.72413793, 403.4137931 ,   1.        ],\n       [460.11111111, 265.48148148,   1.        ],\n       [460.67857143, 392.67857143,   1.        ],\n       [481.4       , 278.96666667,   1.        ],\n       [482.3030303 , 380.09090909,   1.        ],\n       [503.51515152, 292.39393939,   1.        ],\n       [504.51724138, 367.89655172,   1.        ],\n       [525.93548387, 304.58064516,   1.        ],\n       [526.63333333, 355.63333333,   1.        ],\n       [548.4       , 318.16666667,   1.        ],\n       [548.65384615, 343.34615385,   1.        ],\n       [570.        , 331.5       ,   1.        ]])}}"}, {"offset": 0.0, "scale": 1.0, "units": ""}], "intensity_calibration": {"offset": 0.0, "scale": 1.0, "units": ""}, "collection_dimension_count": 0, "datum_dimension_count": 2, "metadata": {}, "properties": {}, "title": "labels_all_000", "source_file_path": null, "datetime_modified": {"local_datetime": "2022-05-11T21:31:01.903524", "tz": "-0400", "dst": "+60", "timezone": "America/New_York"}, "datetime_original": {"local_datetime": "2022-05-11T21:31:01.903524", "tz": "-0400", "dst": "+60", "timezone": "America/New_York"}, "uuid": "68dd8b86-6618-472c-b286-4d4f4bb632b0"}