{"version": 1, "reader_version": 1, "large_format": false, "spatial_calibrations": [{"offset": 0.0, "scale": 1.0, "units": "{'All parameters': {'microscope': 'MACSTEM', 'GPU': 1, 'ensemblefile': 'C:/Users/ASUser/AppData/Roaming/Nion/Nion Swift/PlugIns/ELIT_active/Models/mos2_4x_ensemble_metadict.tar', 'threshold': 0.035, 'winsizefraction': 0.33, 'num_iterations': 10, 'sample': 'mos2', 'targets': 'S2', 'drift_correct': 1, 'dwell_blast': 1.0, 'image_parameters': [8.0, 512, 5.0, 0.12, 1.0, 0], 'TIMEOUT': 5, 'px2ang': 0.12, 'rings': [5, 6, 7], 'blast_location': 'centroid', 'offset_blast_x': 0.0, 'offset_blast_y': 0.0, 'Percent_to_blast': 1.0, 'safepos': [1.0, 1.0], 'blanked': 1, 'radius_atom': 0.005, 'radius_def1': 0.01, 'radius_def2': 0.02, 'defectcolors': [[1, 1, 0], [0, 0, 1], [0, 1, 0]], 'status': 'active', 'scantype': 'Subscan cnst', 'maskfile': 'C:/Users/ASUser/AppData/Roaming/Nion/Nion Swift/PlugIns/ELIT_active/Masks/Mask_SVL LIVE letter O.npy', 'subscan_dwellthresh': 2.0, 'subscan_size': 5, 'subscan_time': 0.2, 'subscan_maxtime': 1.0, 'subscan_delta': 0.03, 'MODE': 'BLAST', 'sort method': 'Spiral in-out', 'max_blasting_time': 55.0, 'beamshift_angle': -3.0845118711835284, 'beamshift_factor': 2.9209492755718633, 'goal': 'Grow SVL', 'stop_at': -1.0, 'threshold2': 22.0, 'driftNframes': 5, 'driftFOV': 20.0, 'scan_rot': 3.141592653589793, 'voltage_kv': 60000.0, 'LiveMaskHeight_nm': 0.23, 'SVLatoms': 3, 'saveGMM': 0}, 'All coordinates': {0: array([[  7.        ,  26.5       ,   0.        ],\n       [  7.57692308,  50.15384615,   0.        ],\n       [  7.93939394, 124.57575758,   0.        ],\n       ...,\n       [660.5       , 349.5       ,   0.        ],\n       [661.        , 399.5       ,   0.        ],\n       [660.        , 658.5       ,   0.        ]])}, 'Blast coordinates': {'S2': array([[415.5       , 405.        ,   1.        ],\n       [282.85714286, 425.14285714,   1.        ],\n       [306.36666667, 437.63333333,   1.        ],\n       [393.79310345, 442.        ,   1.        ],\n       [416.93548387, 429.58064516,   1.        ],\n       [371.56666667, 453.83333333,   1.        ],\n       [436.85714286, 418.21428571,   1.        ],\n       [350.96666667, 465.4       ,   1.        ],\n       [167.125     , 360.875     ,   1.        ],\n       [524.5       , 368.        ,   1.        ],\n       [144.58823529, 347.88235294,   1.        ],\n       [142.13636364, 302.36363636,   1.        ],\n       [545.14285714, 355.80952381,   1.        ],\n       [118.63157895, 314.52631579,   1.        ],\n       [566.88888889, 343.48148148,   1.        ],\n       [587.96774194, 332.19354839,   1.        ]])}}"}, {"offset": 0.0, "scale": 1.0, "units": ""}], "intensity_calibration": {"offset": 0.0, "scale": 1.0, "units": ""}, "collection_dimension_count": 0, "datum_dimension_count": 2, "metadata": {}, "properties": {}, "title": "labels_all_007", "source_file_path": null, "datetime_modified": {"local_datetime": "2022-05-11T21:34:40.398380", "tz": "-0400", "dst": "+60", "timezone": "America/New_York"}, "datetime_original": {"local_datetime": "2022-05-11T21:34:40.398380", "tz": "-0400", "dst": "+60", "timezone": "America/New_York"}, "uuid": "00834aff-609a-4341-afdd-e1db18560587"}