{"version": 1, "reader_version": 1, "large_format": false, "spatial_calibrations": [{"offset": 0.0, "scale": 1.0, "units": "{'All parameters': {'microscope': 'MACSTEM', 'GPU': 1, 'ensemblefile': 'C:/Users/ASUser/AppData/Roaming/Nion/Nion Swift/PlugIns/ELIT_active/Models/mos2_4x_ensemble_metadict.tar', 'threshold': 0.035, 'winsizefraction': 0.33, 'num_iterations': 10, 'sample': 'mos2', 'targets': 'S2', 'drift_correct': 1, 'dwell_blast': 1.0, 'image_parameters': [8.0, 512, 5.0, 0.12, 1.0, 0], 'TIMEOUT': 5, 'px2ang': 0.12, 'rings': [5, 6, 7], 'blast_location': 'centroid', 'offset_blast_x': 0.0, 'offset_blast_y': 0.0, 'Percent_to_blast': 1.0, 'safepos': [1.0, 1.0], 'blanked': 1, 'radius_atom': 0.005, 'radius_def1': 0.01, 'radius_def2': 0.02, 'defectcolors': [[1, 1, 0], [0, 0, 1], [0, 1, 0]], 'status': 'active', 'scantype': 'Subscan cnst', 'maskfile': 'C:/Users/ASUser/AppData/Roaming/Nion/Nion Swift/PlugIns/ELIT_active/Masks/Mask_SVL LIVE letter O.npy', 'subscan_dwellthresh': 2.0, 'subscan_size': 5, 'subscan_time': 0.2, 'subscan_maxtime': 1.0, 'subscan_delta': 0.03, 'MODE': 'BLAST', 'sort method': 'Spiral in-out', 'max_blasting_time': 55.0, 'beamshift_angle': -3.0845118711835284, 'beamshift_factor': 2.9209492755718633, 'goal': 'Grow SVL', 'stop_at': -1.0, 'threshold2': 22.0, 'driftNframes': 5, 'driftFOV': 20.0, 'scan_rot': 3.141592653589793, 'voltage_kv': 60000.0, 'LiveMaskHeight_nm': 0.23, 'SVLatoms': 3, 'saveGMM': 0}, 'All coordinates': {0: array([[  5.5       ,   8.69230769,   0.        ],\n       [  6.5862069 ,  31.55172414,   0.        ],\n       [  6.59259259, 379.92592593,   0.        ],\n       ...,\n       [660.57142857, 274.61904762,   0.        ],\n       [661.03571429, 577.39285714,   0.        ],\n       [660.88888889, 224.66666667,   0.        ]])}, 'Blast coordinates': {'S2': array([[107.23809524, 341.16666667,   1.        ],\n       [141.4       , 319.4       ,   1.        ],\n       [145.2       , 298.        ,   1.        ],\n       [163.23529412, 308.23529412,   1.        ],\n       [224.64285714, 405.60714286,   1.        ],\n       [232.78947368, 418.63157895,   1.        ],\n       [252.5       , 409.71428571,   1.        ],\n       [259.625     , 431.46875   ,   1.        ],\n       [259.        , 240.        ,   1.        ],\n       [299.90909091, 214.90909091,   1.        ],\n       [320.4       , 450.4       ,   1.        ],\n       [344.54545455, 212.90909091,   1.        ],\n       [366.60714286, 226.82142857,   1.        ],\n       [388.8       , 240.66666667,   1.        ],\n       [410.4       , 254.16666667,   1.        ],\n       [424.45454545, 413.24242424,   1.        ],\n       [432.4516129 , 267.90322581,   1.        ],\n       [448.11538462, 401.        ,   1.        ],\n       [455.10344828, 282.31034483,   1.        ],\n       [469.63333333, 389.36666667,   1.        ],\n       [476.5       , 296.5       ,   1.        ],\n       [477.09090909, 271.09090909,   1.        ],\n       [491.27586207, 378.5862069 ,   1.        ],\n       [498.09090909, 286.09090909,   1.        ],\n       [513.45454545, 366.90909091,   1.        ],\n       [519.61904762, 299.95238095,   1.        ],\n       [535.78571429, 354.5       ,   1.        ],\n       [556.5862069 , 343.72413793,   1.        ],\n       [578.61290323, 333.25806452,   1.        ],\n       [165.66666667, 286.88888889,   1.        ],\n       [186.6       , 296.6       ,   1.        ],\n       [188.2       , 274.5       ,   1.        ],\n       [208.5       , 284.        ,   1.        ],\n       [256.39130435, 259.7826087 ,   1.        ],\n       [281.        , 227.        ,   1.        ],\n       [318.74193548, 474.38709677,   1.        ],\n       [341.5       , 463.71428571,   1.        ],\n       [360.875     , 453.33333333,   1.        ],\n       [381.09090909, 439.90909091,   1.        ],\n       [402.4137931 , 425.75862069,   1.        ],\n       [538.66666667, 309.66666667,   1.        ],\n       [557.1       , 318.95      ,   1.        ]])}}"}, {"offset": 0.0, "scale": 1.0, "units": ""}], "intensity_calibration": {"offset": 0.0, "scale": 1.0, "units": ""}, "collection_dimension_count": 0, "datum_dimension_count": 2, "metadata": {}, "properties": {}, "title": "labels_all_003", "source_file_path": null, "datetime_modified": {"local_datetime": "2022-05-11T21:32:52.693521", "tz": "-0400", "dst": "+60", "timezone": "America/New_York"}, "datetime_original": {"local_datetime": "2022-05-11T21:32:52.693521", "tz": "-0400", "dst": "+60", "timezone": "America/New_York"}, "uuid": "1f83f97d-f130-44c2-8ce9-aa290f230993"}