{"version": 1, "reader_version": 1, "large_format": false, "spatial_calibrations": [{"offset": 0.0, "scale": 1.0, "units": "{'All parameters': {'microscope': 'MACSTEM', 'GPU': 1, 'ensemblefile': 'C:/Users/ASUser/AppData/Roaming/Nion/Nion Swift/PlugIns/ELIT_active/Models/mos2_4x_ensemble_metadict.tar', 'threshold': 0.035, 'winsizefraction': 0.33, 'num_iterations': 10, 'sample': 'mos2', 'targets': 'S2', 'drift_correct': 1, 'dwell_blast': 1.0, 'image_parameters': [8.0, 512, 5.0, 0.12, 1.0, 0], 'TIMEOUT': 5, 'px2ang': 0.12, 'rings': [5, 6, 7], 'blast_location': 'centroid', 'offset_blast_x': 0.0, 'offset_blast_y': 0.0, 'Percent_to_blast': 1.0, 'safepos': [1.0, 1.0], 'blanked': 1, 'radius_atom': 0.005, 'radius_def1': 0.01, 'radius_def2': 0.02, 'defectcolors': [[1, 1, 0], [0, 0, 1], [0, 1, 0]], 'status': 'active', 'scantype': 'Subscan cnst', 'maskfile': 'C:/Users/ASUser/AppData/Roaming/Nion/Nion Swift/PlugIns/ELIT_active/Masks/Mask_SVL LIVE letter O.npy', 'subscan_dwellthresh': 2.0, 'subscan_size': 5, 'subscan_time': 0.2, 'subscan_maxtime': 1.0, 'subscan_delta': 0.03, 'MODE': 'BLAST', 'sort method': 'Spiral in-out', 'max_blasting_time': 55.0, 'beamshift_angle': -3.0845118711835284, 'beamshift_factor': 2.9209492755718633, 'goal': 'Grow SVL', 'stop_at': -1.0, 'threshold2': 22.0, 'driftNframes': 5, 'driftFOV': 20.0, 'scan_rot': 3.141592653589793, 'voltage_kv': 60000.0, 'LiveMaskHeight_nm': 0.23, 'SVLatoms': 3, 'saveGMM': 0}, 'All coordinates': {0: array([[  8.78947368, 658.78947368,   0.        ],\n       [  8.27586207,   7.4137931 ,   0.        ],\n       [  8.2       ,  30.66666667,   0.        ],\n       ...,\n       [660.88888889, 447.33333333,   0.        ],\n       [661.33333333, 550.66666667,   0.        ],\n       [660.        , 578.        ,   0.        ]])}, 'Blast coordinates': {'S2': array([[376.84375   , 242.625     ,   1.        ],\n       [400.06896552, 255.4137931 ,   1.        ],\n       [286.74193548, 239.61290323,   1.        ],\n       [264.5483871 , 251.58064516,   1.        ],\n       [354.27586207, 229.5862069 ,   1.        ],\n       [309.38709677, 227.38709677,   1.        ],\n       [422.29032258, 267.70967742,   1.        ],\n       [242.34375   , 264.        ,   1.        ],\n       [288.4       , 444.6       ,   1.        ],\n       [267.        , 433.75      ,   1.        ],\n       [394.11111111, 437.27777778,   1.        ],\n       [332.67741935, 215.90322581,   1.        ],\n       [372.36842105, 448.94736842,   1.        ],\n       [248.        , 425.        ,   1.        ],\n       [415.5       , 426.22222222,   1.        ],\n       [400.09677419, 230.51612903,   1.        ],\n       [348.        , 460.5       ,   1.        ],\n       [308.61538462, 459.38461538,   1.        ],\n       [219.42424242, 276.57575758,   1.        ],\n       [422.29032258, 242.70967742,   1.        ],\n       [436.5       , 413.5       ,   1.        ],\n       [242.78947368, 239.63157895,   1.        ],\n       [310.51851852, 202.88888889,   1.        ],\n       [327.66666667, 472.26666667,   1.        ],\n       [445.58064516, 256.4516129 ,   1.        ],\n       [220.2173913 , 251.91304348,   1.        ],\n       [196.88888889, 289.51851852,   1.        ],\n       [458.88235294, 401.23529412,   1.        ],\n       [465.70833333, 271.        ,   1.        ],\n       [197.75      , 265.5625    ,   1.        ],\n       [481.97058824, 387.08823529,   1.        ],\n       [174.64705882, 303.        ,   1.        ],\n       [486.36666667, 285.63333333,   1.        ],\n       [503.36666667, 375.63333333,   1.        ],\n       [508.6       , 300.6       ,   1.        ],\n       [150.88888889, 315.66666667,   1.        ],\n       [523.47058824, 365.35294118,   1.        ],\n       [542.5       , 354.72727273,   1.        ],\n       [546.5       , 332.        ,   1.        ],\n       [548.        , 309.        ,   1.        ],\n       [102.5       , 341.5       ,   1.        ],\n       [564.5       , 343.        ,   1.        ],\n       [567.2       , 320.        ,   1.        ]])}}"}, {"offset": 0.0, "scale": 1.0, "units": ""}], "intensity_calibration": {"offset": 0.0, "scale": 1.0, "units": ""}, "collection_dimension_count": 0, "datum_dimension_count": 2, "metadata": {}, "properties": {}, "title": "labels_all_004", "source_file_path": null, "datetime_modified": {"local_datetime": "2022-05-11T21:33:27.928620", "tz": "-0400", "dst": "+60", "timezone": "America/New_York"}, "datetime_original": {"local_datetime": "2022-05-11T21:33:27.928620", "tz": "-0400", "dst": "+60", "timezone": "America/New_York"}, "uuid": "55f7fd9f-051e-44c1-8e9a-69ccf5627371"}