{"version": 1, "reader_version": 1, "large_format": false, "spatial_calibrations": [{"offset": 0.0, "scale": 1.0, "units": "{'All parameters': {'microscope': 'MACSTEM', 'GPU': 1, 'ensemblefile': 'C:/Users/ASUser/AppData/Roaming/Nion/Nion Swift/PlugIns/ELIT_active/Models/mos2_4x_ensemble_metadict.tar', 'threshold': 0.035, 'winsizefraction': 0.33, 'num_iterations': 10, 'sample': 'mos2', 'targets': 'S2', 'drift_correct': 1, 'dwell_blast': 1.0, 'image_parameters': [6.0, 512, 5.0, 0.12, 1.0, 0], 'TIMEOUT': 5, 'px2ang': 0.12, 'rings': [5, 6, 7], 'blast_location': 'centroid', 'offset_blast_x': 0.0, 'offset_blast_y': 0.0, 'Percent_to_blast': 1.0, 'safepos': [1.0, 1.0], 'blanked': 1, 'radius_atom': 0.005, 'radius_def1': 0.01, 'radius_def2': 0.02, 'defectcolors': [[1, 1, 0], [0, 0, 1], [0, 1, 0]], 'status': 'active', 'scantype': 'Subscan cnst', 'maskfile': 'C:/Users/ASUser/AppData/Roaming/Nion/Nion Swift/PlugIns/ELIT_active/Masks/Mask_SVL LIVE letter R.npy', 'subscan_dwellthresh': 2.0, 'subscan_size': 5, 'subscan_time': 0.15, 'subscan_maxtime': 1.0, 'subscan_delta': 0.03, 'MODE': 'BLAST', 'sort method': 'Spiral in-out', 'max_blasting_time': 55.0, 'beamshift_angle': -3.0845118711835284, 'beamshift_factor': 2.9209492755718633, 'goal': 'Grow SVL', 'stop_at': -1.0, 'threshold2': 22.0, 'driftNframes': 5, 'driftFOV': 20.0, 'scan_rot': 3.141592653589793, 'voltage_kv': 60000.0, 'LiveMaskHeight_nm': 0.23, 'SVLatoms': 3, 'saveGMM': 1}, 'All coordinates': {0: array([[  9.11428571, 448.88571429,   0.        ],\n       [  9.94117647,  94.32352941,   0.        ],\n       [  9.44444444, 220.59259259,   0.        ],\n       ...,\n       [495.40740741,  82.55555556,   0.        ],\n       [495.07407407, 107.40740741,   0.        ],\n       [496.04      ,  33.6       ,   0.        ]])}, 'Blast coordinates': {'S2': array([[247.6       , 259.83333333,   1.        ],\n       [271.24242424, 273.        ,   1.        ],\n       [225.41935484, 272.4516129 ,   1.        ],\n       [224.72727273, 298.33333333,   1.        ],\n       [226.        , 248.        ,   1.        ],\n       [293.40740741, 286.74074074,   1.        ],\n       [248.35294118, 235.52941176,   1.        ],\n       [224.63636364, 324.75757576,   1.        ],\n       [203.57894737, 260.10526316,   1.        ],\n       [229.        , 226.71428571,   1.        ],\n       [272.93333333, 224.6       ,   1.        ],\n       [204.66666667, 238.33333333,   1.        ],\n       [252.        , 215.83333333,   1.        ],\n       [315.33333333, 300.8       ,   1.        ],\n       [224.8125    , 350.28125   ,   1.        ],\n       [183.5       , 251.        ,   1.        ],\n       [295.30769231, 213.03846154,   1.        ],\n       [275.40740741, 203.07407407,   1.        ],\n       [337.5       , 289.21428571,   1.        ],\n       [159.90909091, 265.09090909,   1.        ],\n       [337.75      , 313.75      ,   1.        ],\n       [225.5       , 376.        ,   1.        ],\n       [298.125     , 190.66666667,   1.        ],\n       [317.65384615, 200.34615385,   1.        ],\n       [358.5       , 302.78571429,   1.        ],\n       [137.79166667, 276.20833333,   1.        ],\n       [181.5       , 375.        ,   1.        ],\n       [203.5       , 388.5       ,   1.        ],\n       [225.88571429, 401.88571429,   1.        ],\n       [157.88571429, 362.88571429,   1.        ],\n       [338.875     , 187.66666667,   1.        ],\n       [378.03571429, 317.42857143,   1.        ],\n       [116.6       , 287.44      ,   1.        ],\n       [135.7       , 351.3       ,   1.        ],\n       [118.5       , 337.5       ,   1.        ],\n       [359.5       , 176.5       ,   1.        ],\n       [ 95.5       , 299.21428571,   1.        ],\n       [399.71875   , 331.1875    ,   1.        ],\n       [ 97.25806452, 324.35483871,   1.        ],\n       [381.25      , 166.75      ,   1.        ],\n       [ 75.36666667, 311.63333333,   1.        ],\n       [422.78125   , 345.09375   ,   1.        ],\n       [403.        , 156.        ,   1.        ],\n       [425.5       , 144.5       ,   1.        ]])}}"}, {"offset": 0.0, "scale": 1.0, "units": ""}], "intensity_calibration": {"offset": 0.0, "scale": 1.0, "units": ""}, "collection_dimension_count": 0, "datum_dimension_count": 2, "metadata": {}, "properties": {}, "title": "labels_all_001", "source_file_path": null, "datetime_modified": {"local_datetime": "2022-05-11T20:55:57.677640", "tz": "-0400", "dst": "+60", "timezone": "America/New_York"}, "datetime_original": {"local_datetime": "2022-05-11T20:55:57.677640", "tz": "-0400", "dst": "+60", "timezone": "America/New_York"}, "uuid": "f6a64214-d669-49fc-817b-8bff7ca19955"}