{"version": 1, "reader_version": 1, "large_format": false, "spatial_calibrations": [{"offset": 0.0, "scale": 1.0, "units": "{'All parameters': {'microscope': 'MACSTEM', 'GPU': 1, 'ensemblefile': 'C:/Users/ASUser/AppData/Roaming/Nion/Nion Swift/PlugIns/ELIT_active/Models/mos2_4x_ensemble_metadict.tar', 'threshold': 0.035, 'winsizefraction': 0.33, 'num_iterations': 10, 'sample': 'mos2', 'targets': 'S2', 'drift_correct': 1, 'dwell_blast': 1.0, 'image_parameters': [6.0, 512, 5.0, 0.12, 1.0, 0], 'TIMEOUT': 5, 'px2ang': 0.12, 'rings': [5, 6, 7], 'blast_location': 'centroid', 'offset_blast_x': 0.0, 'offset_blast_y': 0.0, 'Percent_to_blast': 1.0, 'safepos': [1.0, 1.0], 'blanked': 1, 'radius_atom': 0.005, 'radius_def1': 0.01, 'radius_def2': 0.02, 'defectcolors': [[1, 1, 0], [0, 0, 1], [0, 1, 0]], 'status': 'active', 'scantype': 'Subscan cnst', 'maskfile': 'C:/Users/ASUser/AppData/Roaming/Nion/Nion Swift/PlugIns/ELIT_active/Masks/Mask_SVL LIVE letter R.npy', 'subscan_dwellthresh': 2.0, 'subscan_size': 5, 'subscan_time': 0.15, 'subscan_maxtime': 1.0, 'subscan_delta': 0.03, 'MODE': 'BLAST', 'sort method': 'Spiral in-out', 'max_blasting_time': 55.0, 'beamshift_angle': -3.0845118711835284, 'beamshift_factor': 2.9209492755718633, 'goal': 'Grow SVL', 'stop_at': -1.0, 'threshold2': 22.0, 'driftNframes': 5, 'driftFOV': 20.0, 'scan_rot': 3.141592653589793, 'voltage_kv': 60000.0, 'LiveMaskHeight_nm': 0.23, 'SVLatoms': 3, 'saveGMM': 1}, 'All coordinates': {0: array([[ 14.4       , 304.96      ,   0.        ],\n       [ 14.51724138, 326.89655172,   0.        ],\n       [ 15.27027027, 351.21621622,   0.        ],\n       ...,\n       [495.08695652, 487.2173913 ,   0.        ],\n       [495.42105263,  16.10526316,   0.        ],\n       [495.78947368,  90.63157895,   0.        ]])}, 'Blast coordinates': {'S2': array([[ 67.125     , 311.66666667,   1.        ],\n       [ 84.        , 306.28571429,   1.        ],\n       [106.75      , 319.25      ,   1.        ],\n       [109.        , 342.        ,   1.        ],\n       [127.4375    , 331.25      ,   1.        ],\n       [130.11764706, 283.41176471,   1.        ],\n       [131.5       , 351.71428571,   1.        ],\n       [152.18181818, 271.18181818,   1.        ],\n       [167.        , 350.70833333,   1.        ],\n       [168.2962963 , 378.        ,   1.        ],\n       [174.8       , 258.        ,   1.        ],\n       [190.06060606, 364.57575758,   1.        ],\n       [190.42857143, 390.77142857,   1.        ],\n       [196.5       , 247.28571429,   1.        ],\n       [213.89473684, 404.21052632,   1.        ],\n       [218.11111111, 258.27777778,   1.        ],\n       [218.875     , 235.125     ,   1.        ],\n       [258.94444444, 257.88888889,   1.        ],\n       [303.28571429, 279.        ,   1.        ],\n       [325.15789474, 289.84210526,   1.        ],\n       [336.        , 178.        ,   1.        ],\n       [347.5       , 302.21428571,   1.        ],\n       [357.6       , 167.2       ,   1.        ],\n       [371.27586207, 316.5862069 ,   1.        ],\n       [394.25925926, 330.40740741,   1.        ],\n       [394.5       , 168.        ,   1.        ],\n       [417.2       , 155.08      ,   1.        ],\n       [417.        , 345.29166667,   1.        ]])}}"}, {"offset": 0.0, "scale": 1.0, "units": ""}], "intensity_calibration": {"offset": 0.0, "scale": 1.0, "units": ""}, "collection_dimension_count": 0, "datum_dimension_count": 2, "metadata": {}, "properties": {}, "title": "labels_all_003", "source_file_path": null, "datetime_modified": {"local_datetime": "2022-05-11T20:57:01.592427", "tz": "-0400", "dst": "+60", "timezone": "America/New_York"}, "datetime_original": {"local_datetime": "2022-05-11T20:57:01.592427", "tz": "-0400", "dst": "+60", "timezone": "America/New_York"}, "uuid": "c458b5a6-c09e-4f50-ab4c-50e390404d2d"}