{"version": 1, "reader_version": 1, "large_format": false, "spatial_calibrations": [{"offset": 0.0, "scale": 1.0, "units": "{'All parameters': {'microscope': 'MACSTEM', 'GPU': 1, 'ensemblefile': 'C:/Users/ASUser/AppData/Roaming/Nion/Nion Swift/PlugIns/ELIT_active/Models/mos2_4x_ensemble_metadict.tar', 'threshold': 0.035, 'winsizefraction': 0.33, 'num_iterations': 10, 'sample': 'mos2', 'targets': 'S2', 'drift_correct': 1, 'dwell_blast': 1.0, 'image_parameters': [6.0, 512, 5.0, 0.12, 1.0, 0], 'TIMEOUT': 5, 'px2ang': 0.12, 'rings': [5, 6, 7], 'blast_location': 'centroid', 'offset_blast_x': 0.0, 'offset_blast_y': 0.0, 'Percent_to_blast': 1.0, 'safepos': [1.0, 1.0], 'blanked': 1, 'radius_atom': 0.005, 'radius_def1': 0.01, 'radius_def2': 0.02, 'defectcolors': [[1, 1, 0], [0, 0, 1], [0, 1, 0]], 'status': 'active', 'scantype': 'Subscan cnst', 'maskfile': 'C:/Users/ASUser/AppData/Roaming/Nion/Nion Swift/PlugIns/ELIT_active/Masks/Mask_SVL LIVE letter R.npy', 'subscan_dwellthresh': 2.0, 'subscan_size': 5, 'subscan_time': 0.15, 'subscan_maxtime': 1.0, 'subscan_delta': 0.03, 'MODE': 'BLAST', 'sort method': 'Spiral in-out', 'max_blasting_time': 55.0, 'beamshift_angle': -3.0845118711835284, 'beamshift_factor': 2.9209492755718633, 'goal': 'Grow SVL', 'stop_at': -1.0, 'threshold2': 22.0, 'driftNframes': 5, 'driftFOV': 20.0, 'scan_rot': 3.141592653589793, 'voltage_kv': 60000.0, 'LiveMaskHeight_nm': 0.23, 'SVLatoms': 3, 'saveGMM': 1}, 'All coordinates': {0: array([[ 14.8       ,  42.66666667,   0.        ],\n       [ 14.82142857, 296.60714286,   0.        ],\n       [ 15.16666667,  19.625     ,   0.        ],\n       ...,\n       [496.        , 444.5       ,   0.        ],\n       [496.5       , 470.77777778,   0.        ],\n       [496.53333333, 494.13333333,   0.        ]])}, 'Blast coordinates': {'S2': array([[ 85.66666667, 300.5       ,   1.        ],\n       [ 85.31034483, 325.93103448,   1.        ],\n       [107.32142857, 288.82142857,   1.        ],\n       [107.36666667, 340.36666667,   1.        ],\n       [129.53333333, 276.63333333,   1.        ],\n       [129.4137931 , 328.27586207,   1.        ],\n       [129.82142857, 353.60714286,   1.        ],\n       [150.5       , 265.5       ,   1.        ],\n       [150.48275862, 342.10344828,   1.        ],\n       [151.17857143, 367.67857143,   1.        ],\n       [171.59259259, 355.74074074,   1.        ],\n       [171.93103448, 381.5862069 ,   1.        ],\n       [172.5       , 253.5       ,   1.        ],\n       [193.29166667, 370.        ,   1.        ],\n       [193.41935484, 395.4516129 ,   1.        ],\n       [194.4137931 , 241.72413793,   1.        ],\n       [214.4137931 , 384.27586207,   1.        ],\n       [215.39285714, 229.82142857,   1.        ],\n       [215.47619048, 255.61904762,   1.        ],\n       [238.30769231, 243.03846154,   1.        ],\n       [261.11111111, 231.48148148,   1.        ],\n       [261.45454545, 256.09090909,   1.        ],\n       [283.2       , 218.66666667,   1.        ],\n       [283.41935484, 269.4516129 ,   1.        ],\n       [304.74074074, 206.74074074,   1.        ],\n       [305.15625   , 283.375     ,   1.        ],\n       [328.        , 195.        ,   1.        ],\n       [328.25806452, 296.61290323,   1.        ],\n       [351.5483871 , 181.58064516,   1.        ],\n       [351.3030303 , 310.09090909,   1.        ],\n       [374.09090909, 323.6969697 ,   1.        ],\n       [374.13793103, 170.5862069 ,   1.        ],\n       [396.5       , 158.5       ,   1.        ],\n       [396.4137931 , 337.27586207,   1.        ],\n       [418.65625   , 146.        ,   1.        ],\n       [418.48484848, 350.60606061,   1.        ]])}}"}, {"offset": 0.0, "scale": 1.0, "units": ""}], "intensity_calibration": {"offset": 0.0, "scale": 1.0, "units": ""}, "collection_dimension_count": 0, "datum_dimension_count": 2, "metadata": {}, "properties": {}, "title": "labels_all_000", "source_file_path": null, "datetime_modified": {"local_datetime": "2022-05-11T20:55:28.741662", "tz": "-0400", "dst": "+60", "timezone": "America/New_York"}, "datetime_original": {"local_datetime": "2022-05-11T20:55:28.741662", "tz": "-0400", "dst": "+60", "timezone": "America/New_York"}, "uuid": "e56655dd-5d40-4f0a-a9c7-b45fdfd4f32b"}